subject_id,rpl,resting_alpha_power,resting_total_power,smr_strength,mu_erd_real_C3,mu_erd_real_C4,mu_erd_real_Cz,beta_erd_real_C3,beta_erd_real_C4,beta_erd_real_Cz,mu_ers_real_C3,mu_ers_real_C4,mu_ers_real_Cz,beta_ers_real_C3,beta_ers_real_C4,beta_ers_real_Cz,mu_erd_imagined_C3,mu_erd_imagined_C4,mu_erd_imagined_Cz,beta_erd_imagined_C3,beta_erd_imagined_C4,beta_erd_imagined_Cz,mu_ers_imagined_C3,mu_ers_imagined_C4,mu_ers_imagined_Cz,beta_ers_imagined_C3,beta_ers_imagined_C4,beta_ers_imagined_Cz
S001,2.513672110833331,1.189927922415246e-10,4.733823147764335e-11,7.047675501181409,-86.08119832537709,-79.7504801567759,-79.75383769145856,-70.42258629766468,-50.05222616214115,-60.26295316534171,231.71085720634687,866.7695628794387,107.55687649728445,112.25344563005541,175.8612607548166,218.66595407629396,-79.28832881131014,-68.7564217281021,-72.04502026397599,-51.95233266193213,-39.79887918932395,-45.82023262932088,95.0993302120855,388.3506431319901,400.75685896808596,60.54140643603698,98.57668762434876,105.99200688722046
S002,3.4970485628603787,5.3574823531626893e-11,1.5320011309138315e-11,3.6129428874367235,-91.71124411840404,-91.14236781960281,-80.04803541281188,-70.46625126088037,-81.44063622913734,-55.765812854315236,152.5834070015675,224.92334632352458,157.36757994368563,63.946757989605054,86.74347873365383,99.28870491689644,-85.41921863125553,-80.28527976324925,-83.04916907710704,-46.538632355380095,-47.366582852347705,-60.705868800721966,146.31712227333853,227.1203130323775,366.2095977232716,155.34575339916972,125.25751730538998,407.60958212180253
S003,0.9819745825871627,1.282097214704057e-10,1.305631772388828e-10,2.8835718957282026,-64.60482199525238,-65.89788424998434,-69.57646796048024,-72.84142691375737,-66.44526146098212,-73.98493586306867,1025.7432250245581,577.8266544440459,880.3687211590013,94.1280802329828,183.41916479360847,144.6527617545248,-38.45510570608477,-64.5780248590401,-53.47133809051389,-42.87374203650419,-43.27530816757877,-46.84056631092965,1873.7089831369917,495.294982671147,1289.9509968005364,99.60847425394417,58.01709760973471,99.10305807036458
S004,1.7079291034632458,1.413210285756204e-11,8.274408363266209e-12,1.9727070481802826,-75.33405016968382,-82.5007520430911,-76.12472673996716,-84.32383455989617,-82.14473316952417,-79.91251068763466,164.69307214194993,906.4358945291916,299.1757271747701,16.72969260863006,112.35891795430311,243.23369301525906,-82.39058060795486,-77.54841694294076,-81.07439149453612,-43.42479279744813,-40.20610319413217,-62.410340006791785,515.0601317517028,308.1162919766599,536.6497627221179,121.87095566105342,147.42078556056188,113.03446029461799
S005,1.2535682839199784,5.917130955897488e-12,4.720230267308844e-12,2.8118388405341364,-58.961457335916215,-77.9103144462131,-73.30578504116488,-71.82974210578058,-83.56754609648424,-62.23387645140412,303.1428171173909,476.64525432209024,369.3790532320154,45.83922446720384,157.8637761336718,137.93032121551082,-47.35258791753477,-70.4840028279842,-72.0168815211517,-65.40413610595282,-65.06386814613086,-40.098211861490135,735.634248666032,408.2425643866966,182.3531230859378,82.65163749825028,125.0259411297716,72.5076566800952
S006,0.6068745139225001,3.705227159574179e-12,6.105425544443523e-12,2.4837602515156902,-71.88719796008334,-61.07222406104816,-52.200808002203644,-74.61597382035455,-45.89294375089219,-48.481297419223566,439.92687675488344,792.5539768858774,282.3493455076598,93.78756280259594,142.19548952027475,139.16549220698852,-65.94333760232246,-66.95038650043479,-65.81197823700543,-55.10889939910088,-66.3334164705713,-61.07236476162491,194.06972033133724,388.82849485962,268.1327622060302,162.87453533763963,90.22837765296246,97.03750859305474
S007,3.4732290449089516,6.534590846011091e-11,1.8814166188059133e-11,5.198240300590832,-47.001289516778606,-76.58280341471863,-57.87869020252163,-68.48841555016926,-77.66768823370519,-75.19810337250102,243.94808525567035,606.459935425096,335.6197575508189,123.34456410333816,212.4161125373097,47.768595536749686,-68.35136980367899,-70.45739483586765,-75.1007734584195,-57.8177793075226,-63.049364729670074,-46.35633843153961,709.5438936176704,354.1828301897563,802.4316487315408,217.72574669451564,120.83551461931596,184.16309584786862
S008,2.243200615666547,3.68703135020821e-11,1.643647618700676e-11,1.8279168326765927,-83.99623564266601,-79.47439977806827,-82.5379283456686,-60.242086183459975,-61.05768907090702,-62.95001439851894,480.7978764573984,436.50397596469406,531.6227570134148,32.05897120936731,25.4680104765893,34.543095611851705,-35.80734113813091,-44.931269043339725,-48.8469765040075,-51.88357735371086,-58.820195353078795,-46.30740413949147,867.1668233706919,305.4683264425084,339.0127604455773,85.3405359038263,145.25747788903993,370.3766687488059
S009,1.5201443669864074,4.614527142806456e-11,3.035584805642159e-11,3.9159337899409863,-56.54598520471724,-65.40632336526126,-77.9154474648025,-43.33276469308522,-34.11526858420743,-38.25191307664299,194.40094817230028,214.33588430009712,266.96831120310577,99.61954716325619,128.2147578718615,99.67622627030586,-68.83851727556019,-76.95555113895207,-82.56649352061032,-48.59564588143766,-39.61295109912446,-46.79002917271865,287.7961975992822,341.1941563267475,272.8320569158633,331.352445568489,59.86516691218565,131.99270177078301
S010,1.9520521963042283,1.112662959985669e-10,5.69996520632105e-11,2.728515836220261,-85.8892116436604,-79.08092547778872,-86.505638631957,-34.446735954404,-52.12843901172798,-56.71805533700957,92.70938040238684,76.39877289539653,421.50463085716694,121.2765013276473,216.49381884769926,122.2773152916335,-64.72697581496845,-53.557853313424374,-68.0613569365168,-56.923539539346656,-48.909250815297185,-59.00819140925721,270.3227987452903,174.8924418690358,217.9204417949752,152.23979166581725,103.61567302121331,100.53278547593764
S011,2.01281885780478,1.5860832384209913e-11,7.879910466214557e-12,2.517175443610043,-57.535370043562104,-69.9075148701264,-76.30458614068272,-70.60215047749317,-77.43657317989316,-72.54274103919454,593.5398888124316,383.33379929235775,231.70729346575425,23.661669852889283,164.03267827820088,89.64370039184298,-67.8697327516932,-68.99492711006944,-80.99849178425687,-64.86716159536424,-73.28191530136216,-72.76656838624389,241.21444608890107,343.1766463885918,160.14235224313293,98.43984231309156,93.92511078866073,62.753032731913585
S012,0.8664957707522963,6.90326276821552e-12,7.966874162838752e-12,1.6748733445968966,-63.62312109386108,-67.57668181288868,-69.27505325388721,-55.609599888604556,-55.61867043396824,-57.34561738111932,169.40040074043876,343.5082074977793,278.578523555977,94.33386535289803,152.69037303594374,123.86726269989683,-74.88398203103604,-72.97436988603637,-79.7915798330835,-52.64763585077896,-66.53632069816777,-62.54284505882591,715.5383123454252,435.4911406802654,311.192912304328,134.08396285308487,141.36277549725904,97.66088013140053
S013,1.7634744537524845,6.32633267377429e-11,3.587425187993244e-11,3.1895119269917203,-57.434374279454616,-89.55731526362491,-88.02142439123696,-48.9414562796781,-68.30747123617131,-59.46637193122365,440.66323421313393,855.7650752344684,342.7536540850255,360.85262481186277,293.6169482672894,212.88677272985956,-64.71549964938093,-66.48648836548946,-67.6480786395619,-55.48905663303788,-69.21948815821027,-54.294288533710834,432.24317902256837,250.06721700438473,564.6525933414312,70.59067753561375,193.1430427463247,133.696211206858
S014,3.468953815100686,7.369548896668202e-11,2.124429810678901e-11,2.60998937220446,-89.53972783996078,-79.49920359775209,-88.71721688084146,-59.76397491600718,-45.19840716589701,-44.269262390147695,91.36260367065663,631.6307573617829,189.38045959404687,47.71514106137377,70.5782384414536,217.8375972386104,-68.94418351827429,-52.076832307337206,-68.30366947908864,-66.90396837484737,-34.00041995281488,-48.96746426559485,162.6483046408244,419.6560253902893,224.74612983017917,126.67470255137047,142.61976465013194,68.1976643637164
S015,2.3271505039012297,1.15788978461024e-10,4.975568974456771e-11,4.3370554433747515,-63.76871258004283,-65.4488722643634,-59.29737564587598,-66.3199573911214,-70.50229266469601,-66.19650151523665,109.04561382987711,499.28275276414126,378.29452331641914,50.21285941465364,15.246563453724251,27.169082442734656,-55.83853964183159,-88.0201178198924,-68.16069279025703,-54.832320625318445,-44.15628712687118,-39.4713042228609,291.1540182893184,308.3548826315962,1137.6629253432563,209.01886361191072,152.37637906306466,152.57533009353824
S016,1.8142454476799454,6.372677384023347e-12,3.512577304340335e-12,2.852551404565631,-47.35105175408215,-55.26388415506356,-48.4965226880554,-55.761151829513324,-48.47909235435795,-61.433290556997655,135.63983759133288,248.546918780138,228.23474256813748,433.25091144703663,70.17770040941052,155.87758163818796,-77.51450829906165,-61.690400423919336,-60.41205296412658,-65.88626545259302,-69.11364735130891,-64.23126936877479,473.7347919352923,419.4458883056062,363.7526389906423,205.14750475919848,315.78787207100333,388.8552648140387
S017,2.7539710259593297,1.390737930825788e-10,5.0499366831258964e-11,0.995158871349922,-74.68933550042168,-80.14135291548186,-78.59064997308633,-72.74923270100787,-64.9954385500028,-66.93590632825547,619.7391008140829,322.44577167509226,552.4275755394027,106.54708241016813,70.8691461874563,95.68593531981938,-64.63471121290512,-70.39823449802974,-43.489357112080626,-44.292825353899204,-47.90110715334413,-53.117418180305705,443.2567940879336,573.9892041731941,388.38376133668675,231.79423869460888,123.32202846137173,100.84760871446915
S018,1.7267110297339574,1.5233588893940155e-11,8.822315159640386e-12,1.8874546697206966,-67.34196930774552,-77.54584944748818,-73.02356667266817,-75.99940823605472,-70.75773710124518,-76.08915898838076,217.97396371596557,336.4424354568336,357.42850006631545,125.9584838723869,135.87379029343032,103.44600829928898,-75.17742647698591,-77.66569442356925,-78.92817441796166,-61.60590018926416,-48.34395715873841,-54.94261365691898,291.3670893045654,326.31990657233547,421.00079951123223,443.308607626501,391.199565355325,505.8694581796698
S019,1.2287691875386397,2.3453808573740287e-11,1.9087236896557323e-11,3.459792636266137,-87.54625218876542,-83.89704969128795,-85.6419041840565,-78.8815435964531,-67.71902689619891,-68.986923281653,163.59894083816425,1436.4379891515491,349.26453715744157,15.919515838376002,44.55805548563173,69.74567119155381,-78.35596272853098,-65.98356062008314,-75.53468932771875,-74.32957184375682,-73.93032812478168,-76.53079745019058,1464.5098926882347,2138.5181908867767,1980.564557908512,147.7656245535042,129.35318808357957,211.63096896300866
S020,1.9598858297705641,2.1125242519158326e-11,1.0778812825863112e-11,2.633837011720665,-51.77076651239655,-60.99328998506447,-70.73952599688343,-72.16918535096387,-70.00207588869696,-75.26240291093522,225.9598881795296,252.4542509818426,231.0952950931805,214.89905179846124,232.7528842160354,263.7287257466607,-66.49407046376487,-57.30219479915325,-80.31680756658375,-64.94687640440456,-43.82517008731702,-53.720508121175484,718.1448089879848,608.2761307230618,1360.4499150579813,52.132878494546475,90.7061595764156,58.62586359849057
S021,2.995924776983076,4.5943471682379944e-11,1.5335322180100076e-11,4.490886477284221,-84.37538743852127,-86.5035930215193,-86.18097579933038,-75.40284725082982,-83.79118576888787,-78.4966703041738,1511.6416132364004,225.45464682886967,663.066218844167,546.3110653085173,211.87080361055882,283.66769144646946,-71.52056008082221,-67.7102462238624,-76.39476828452355,-73.11761512897083,-80.74874217879375,-75.42648363206793,979.5844546142865,597.6720274319792,646.8956662715633,198.5613017000683,290.35901949862637,260.59888350557696
S022,1.213913017830515,3.381987863126907e-11,2.786021579347702e-11,2.766366394377677,-63.18663971394868,-66.60458793715046,-54.03646208231395,-68.85403809182091,-71.79865324502128,-69.47923520062372,337.389323657518,696.1203049168702,274.80260569059,336.51734727020386,85.91367255680585,55.18091857161205,-67.31641217774312,-72.16653537380708,-60.93520530203026,-31.434850918137773,-47.9579534899191,-40.56503354644375,606.1953493699441,619.9896139731135,507.174282948882,130.70956836637583,142.46741545433582,119.44042297182787
S023,2.301499720912358,1.6639715059668804e-10,7.22994441775231e-11,2.3352161580680004,-87.74904227651355,-84.60705472784431,-84.37329767885207,-75.58015809196097,-78.76569475010955,-74.26098242585067,549.157854279536,311.8489025588739,354.0361162802294,204.12119858169655,154.50584050946426,227.50412774488993,-78.64434809999527,-84.80919596214261,-75.79691918251463,-77.99694159941231,-70.12134744348566,-68.79080789379172,1236.4494603160101,1398.7021598643141,1509.6712906791224,157.00291080714376,35.61395545188831,116.19766803667775
S024,2.0282804124081317,1.3618825761864598e-11,6.714468906049964e-12,2.4432425978634953,-83.67277946659667,-86.44239497812664,-89.80791042977427,-35.73841441630174,-45.60013552235878,-55.59623511257483,170.38597229224177,82.4373281210278,96.32013853023224,101.22722943001816,81.08873303294605,53.28212385164186,-78.67656167001748,-81.78831399626878,-87.1123730418954,-60.451137482564235,-57.939628008247645,-65.88204956986282,1286.9028925608802,235.20504209279633,335.4768790946818,135.42948005983953,108.78150885064582,142.77876236302725
S025,3.910415851194777,9.223929741647948e-11,2.3588104418177663e-11,5.634226805840413,-72.62409556237708,-65.16016757112918,-46.42260795038545,-76.5555387256083,-60.61047168068888,-69.08566470343867,117.55257218549889,129.5262158333823,391.7324918264729,353.44507242633125,251.07906232792422,273.0980917944882,-85.02514671584841,-82.577185169581,-83.91958088687382,-43.44480384285536,-58.24221401651742,-49.06270551544476,176.4738125968778,105.87572995960474,111.31211776775767,185.4408278118924,176.98757173644563,230.62373048184938
S026,1.161388030019538,1.4509212104819882e-11,1.2492992634490812e-11,3.2780117557812645,-74.85479446857236,-77.16639624076824,-73.77723944217517,-68.06574315660063,-67.091246325252,-70.08146740522906,418.01229808005155,856.3798151069918,534.3834723536679,22.347239246181104,84.42026192911163,57.183360469934726,-55.988038398544845,-72.98310851323836,-66.67712658192548,-54.12159355492149,-34.17600367339423,-57.63374041652008,255.62028428493613,355.7328360117559,401.88353146577936,85.84629004542123,112.94995859425691,60.30539234910503
S027,2.997408748943721,1.5617700189196174e-10,5.210400548373595e-11,5.32964804481653,-94.91851077790977,-84.91553784571862,-88.04514584855693,-87.15468626098674,-51.33047392433896,-59.989260845875094,342.38848649456156,67.53892822425394,697.2427107079777,97.10323660323925,80.60264193807852,71.9892908729305,-92.85075513952825,-85.98665962880081,-89.32896018879187,-53.94539223629248,-59.04440158632707,-54.29668297791399,382.9945082215941,170.90451626378277,319.14796503162455,486.1774875865951,265.3148670439605,287.388853593156
S028,1.3852210420939213,9.677511772728786e-11,6.986258134008787e-11,3.969604359511429,-92.75272482073915,-82.77557559555446,-85.02884561173036,-55.079482965885006,-26.776943481378108,-36.42722604630034,476.0118303536058,137.55198403553032,334.5386806505696,74.21551962732951,280.02509787074445,132.20542935006554,-74.05738698779716,-83.20242812387228,-75.87485600282264,-74.67729399836603,-72.06826485105981,-76.23212654978651,427.9626653420187,443.95834730591906,815.6602491515536,117.33768552437434,111.58456893659312,132.2736163308844
S029,3.756408121565789,9.743043570192528e-11,2.5937127316536952e-11,7.384169362310978,-84.31285852713454,-95.28412165729463,-94.46417690059101,-81.19301862970919,-79.03770127744625,-72.98838107856606,129.8407983859928,263.7393189614555,283.78433808951036,93.1526397550816,126.63728587465657,137.28436617625312,-74.66255507222678,-91.53067069380283,-87.08945219922177,-50.097346129976685,-60.186206757214045,-67.04194292942933,43.328620439650244,121.93105379770807,226.423061750909,103.84706205953631,176.208646234721,61.228818866413526
S030,2.314929270422732,4.413935787896926e-11,1.9067259826434747e-11,3.1200963996679647,-79.78637789202917,-81.8652727105528,-82.01706907412263,-62.82479766710157,-59.24265434271846,-53.92839614161995,764.4021544053179,820.04138568071,723.0978647279327,391.31938057517243,299.2979006780515,242.73348043480053,-74.55828182678172,-33.00325971790746,-21.239064422390854,-69.38318278463773,-63.25218779525484,-63.53392567862386,234.86706731906997,218.51094492064394,205.49036036812103,377.96267093900593,143.7504186657834,194.678449585186
S031,1.4625407515880056,5.013527242465134e-11,3.427957297614797e-11,6.577253985454391,-71.97019885724963,-72.16780777905183,-66.93623443402218,-56.70177728183986,-72.77367478042893,-66.33194936124323,1196.9172709515485,1707.5378620948823,1220.8119261303289,188.21165346621038,227.9178522313178,228.369283494474,-82.40173601629112,-82.99130787012014,-78.73072084411635,-73.6527700617629,-77.96580182627596,-78.63917806478497,413.52291465011996,414.70165048457915,203.0939502851224,188.19113231975447,253.59019335076732,228.77081996393375
S032,0.40308842749085305,2.1091393870458193e-11,5.2324483741068955e-11,3.2504049707202753,-58.88991439436543,-28.662552644056728,-50.49088660103821,-65.7042806834864,-67.32095676781185,-63.14043239003724,1085.6632491656703,918.6777509654038,461.64270010783974,120.11025494951863,90.2110608126035,27.791105074981974,-68.52046271800504,-66.80829861189255,-48.8314817657669,-65.91806400838874,-45.42051539158204,-63.56663950841255,298.9140847598105,346.03374818511105,486.4533174627268,216.74782615024816,160.7984907573407,168.2728780586065
S033,1.4126545750782649,1.4138979878548917e-11,1.0008801959081596e-11,7.975806777812942,-88.67622725692449,-97.0159850379011,-78.03498485727619,-71.00586229499415,-82.07014075013787,-65.66647373641838,222.97620555158102,197.3244307797418,190.0103743245417,120.92189709925698,57.16498672638279,120.1585295114761,-96.08311045370617,-91.8286937195484,-80.09273947558225,-60.505100002293254,-67.99386040171775,-53.548161761051475,135.21437246386955,191.86021832637584,188.8970607898518,153.16052944422697,97.42599085825455,218.2565396761351
S034,1.7567182228907372,3.919017538557473e-11,2.2308743015761526e-11,8.716625298046374,-90.8099958270744,-92.6390638223904,-88.53176263555056,-72.77010920452037,-41.10528991297978,-61.85953850661592,497.4902657822568,111.68560118461129,494.97667188049894,114.38910454704076,62.943258406534994,192.0008032934045,-97.8283316771889,-94.41559499443545,-95.09699046170417,-71.76047320490355,-85.86985835707841,-79.90948241443158,238.7659888023571,171.67713411975896,508.07867474753544,85.06436492267737,90.83210329009745,129.60219195431378
S035,1.5821578985637825,1.6669739407093446e-11,1.0536078239868186e-11,9.55464222230735,-86.51578830346517,-73.61051006007519,-68.89735870969015,-68.418995091067,-76.18588730287101,-64.81618545381424,178.29917887990732,207.21649261827952,1128.2496491155537,18.40425860751153,113.44472542139535,106.09566740977321,-87.37448416301916,-84.29692564999405,-74.40674962988652,-60.01065454251668,-58.31921751043362,-57.665611194928026,107.54536023117758,325.04700583203737,280.98283751193355,58.77750149698628,206.08983648210543,174.3643330286368
S036,1.943464576527471,7.551923625970515e-11,3.885804617784228e-11,2.517849710583384,-45.729635466616145,-57.11637541511385,-49.75710912179648,-63.07726360400382,-46.2519840638621,-38.588368872657874,289.47371309864,261.55968656131165,242.82461689851925,76.52232940891976,140.73858253358475,107.79654243833868,-70.45501291018623,-69.91647222535218,-69.24328414085319,-73.99529434097856,-83.2986494465081,-79.99968916918576,2934.667097467277,1261.7829970522962,2511.816365288023,141.51125527650882,109.43398510467104,147.29343069627174
S037,0.7496097503522255,6.2044991615128706e-12,8.276972329398743e-12,2.527212555800368,-44.32781056889998,-36.35561849267139,-37.33513578127842,-69.11507808006037,-57.769728952416486,-58.8134551704395,315.330820888444,259.22582045056635,235.40144596325283,110.95594311772008,120.52756543864409,121.01357540036908,-64.34706726440102,-70.37588966158577,-70.1606058320597,-54.91212212621558,-56.643675703518916,-55.240446677001444,355.07347353085356,341.5010178332741,307.8058033142682,513.9950349544065,225.2174847665753,227.10896370479938
S038,0.9749926782260125,2.5096179429480895e-11,2.573986450353975e-11,1.6465101186367619,-57.37352787576129,-53.124836913674756,-52.05311373608019,-63.468312070562405,-69.74822572733814,-40.58933770027122,735.7978200550834,596.7266018484962,556.8740099513856,146.34933253135688,54.62472746092148,87.95515793960614,-62.58241799051125,-52.67355562755062,-65.11965361599222,-51.59258203668629,-61.87363343243021,-59.58007355674169,634.0850815271184,1084.4603884692858,617.6713014106847,321.5195726152396,293.3002065549091,385.4621282498664
S039,0.9119799109340574,5.5455497071591803e-11,6.080780553027075e-11,2.753895217770051,-64.34915469022447,-61.082149241756056,-67.25044687521286,-69.50532145799797,-48.76868006422107,-49.71257532158881,851.3721180365163,930.5859336687139,168.5931565962186,72.90159759396634,135.80009472682553,107.84010140566981,-68.77676827644667,-63.104585636645325,-80.47574006481828,-56.930921234520696,-51.99705226431192,-67.73990735850361,143.93746133000315,1736.7972634341068,217.72161367274546,175.96420441933068,55.73345107696779,111.22620052166141
S040,1.674911599689097,5.14902134186072e-11,3.074204837327832e-11,2.891174397687138,-49.484669565804246,-48.20637051027102,-46.48860684754387,-52.37939967760682,-52.68728672007992,-53.49388993058719,396.13262216029585,1060.710505245225,678.4185409847362,340.0510702646298,78.15653772271652,83.96129348572815,-50.57623446392257,-69.13853619227609,-47.69749537587918,-50.27725447425424,-40.41060933968072,-52.18849963056028,417.36648129512446,493.2786951447982,712.4299817266254,271.0414704617801,247.54333022421747,332.43878866347933
S041,1.8342692234566638,1.4494778089986026e-11,7.902208631441108e-12,3.1593198797234407,-85.05307802420354,-82.12385256537523,-82.89815847327729,-67.85711277638126,-67.42685482768758,-76.22593474711033,528.7521974507029,603.0220281679681,278.8559785276609,21.580479657232516,54.62693608285092,29.784221820354723,-80.98268021673236,-73.80965734725916,-81.26093299595027,-74.03129133415692,-66.12798986944016,-59.435731548916735,574.6310119364028,1041.8485337901773,662.7496493679711,508.4317219312518,284.367633271509,258.50617395172935
S042,3.133543725718179,6.713281468147995e-11,2.142392784581097e-11,15.445044457819805,-86.19292953505042,-80.32857295439672,-81.27018019759365,-81.83345201611385,-87.77989942130777,-88.7420293922853,61.12303940331486,566.7431284991276,140.7852265485442,184.7127176758066,78.73582565587677,227.91415615683647,-68.36173324547383,-80.09323741543845,-68.24533842932632,-56.566636792277315,-70.96213362235329,-55.98430719813442,936.3113887990636,474.66530324559403,697.0283226129856,175.17652310192997,619.2192831703567,260.49291306775234
S043,1.7449618426396085,8.977701261702338e-11,5.144926979103305e-11,2.825927472609294,-72.70119206768844,-78.09364117816946,-72.07178333534014,-59.37391913676342,-62.768767520568325,-75.08271876915691,156.61623409196514,291.9882433987495,252.06202408073085,101.7987434362494,57.25049228157839,87.83505105432879,-78.07068545524929,-35.74831694232156,-68.4948522047803,-55.71191124408155,-57.23857184316164,5.241357034770649,271.47236605766506,438.77653059894317,479.7261281259078,98.2073793974368,93.52288951914123,231.26867674065568
S044,3.862548695514075,2.8737737980488066e-10,7.440097263722212e-11,6.439412978585409,-77.41874262700799,-79.04074135418095,-71.74711497316754,-64.7726351479208,-64.80269988814527,-43.41536154430489,98.34700270290493,199.6629692336408,342.13958482718493,127.3576349942828,61.02366220002801,54.1118445648449,-82.13450536925842,-79.97419810205918,-74.28822936111675,-52.27989471839333,-72.994913608042,-65.22032621121544,958.4716142144724,293.51107103491154,845.6425208860214,171.2082044310094,356.39877247972873,271.7682914218388
S045,1.7995826055245727,6.171968927083341e-11,3.4296669172817614e-11,4.805859345751244,-89.07984130679147,-81.3117219050017,-83.99160693096984,-54.92586950043269,-54.65857979177239,-70.41476524166418,253.8387024583394,215.67148243309845,212.78601152335816,43.188575361573186,70.00735458700149,35.71976196540476,-51.63423018365323,-67.74972403017203,-49.67756841797137,-68.55173219683333,-69.8367354883013,-70.54991350861526,344.04333720738396,498.5240993547044,404.4559003951733,31.633247665025127,34.59518958717528,49.1991237488034
S046,1.2525416087741807,4.260543263895129e-11,3.401518348013026e-11,2.4563757000592616,-26.246748847538626,-19.416221171577522,-25.281864859309604,-45.07273000546647,-37.95179759374387,-35.05971244096507,1771.7917709982858,2086.2688084725382,2177.4883064560436,592.6754042451184,224.48913886474566,273.16216748396187,-75.33417968681027,-75.45719218863952,-71.4876733382709,-40.17651710511223,-18.290001905000157,-40.39382272635352,76.35704010027843,65.98826879602552,56.07345518300472,114.42744490946754,192.36127177403628,98.9813757173104
S047,2.4643261727135344,2.9301070465192834e-11,1.1890094253606314e-11,2.2669995594344385,-76.20361724416841,-85.39415761182015,-81.23642536512844,-55.87739291141665,-65.42146662779221,-54.95305052167111,1433.9498699089984,327.7094956550791,795.5600408409855,132.97425478799076,137.45220530685398,185.57583139391764,-78.6928721241538,-72.82967085496355,-77.51311314583201,-49.322930130451795,-45.23289747831946,-46.66805364653219,496.69219155595164,477.7136628177113,375.51505718463653,556.4327268353157,132.6800229734869,294.0368181590366
S048,3.6628563061197217,2.514199134864949e-10,6.864039767719929e-11,7.649581560893687,-94.10909201702637,-83.80196406816322,-86.99000878091589,-62.99489963170771,-48.996626662873105,-58.59195880264387,348.592683655864,319.03970457272,408.85555821119783,33.28186492720278,51.876404901797976,55.35415818754079,-91.64961908442662,-90.83857972888919,-88.82259784354098,-62.873425985606154,-66.7553785349282,-71.39994132398922,180.71933439156487,251.26771715883046,178.65211186084943,41.006242552712195,171.2823792822221,65.80895899245868
S049,0.8091073414675282,4.071446897879649e-11,5.032023180626458e-11,3.9151462039276907,-71.92783932046815,-80.65538172160205,-63.27652998353525,-75.09851989283621,-70.71828976709708,-71.75838673830222,951.616173825675,478.9827238188793,747.4083964203137,69.47979695452578,116.50135873164156,81.59909074663923,-51.084783869359505,-64.74137867176508,-53.45601935133859,-82.80223271273096,-59.03576043085346,-73.14601252767362,473.3992678890977,216.11661856999768,244.1011709482542,133.5718279137267,165.77964837117761,224.31387474480258
S050,2.0638488321387047,2.2421684608735058e-11,1.0864014970272865e-11,2.3201921371065666,-60.43595813738081,-58.63562258930924,-65.53187270588035,-54.258341065799755,-57.25067709737428,-59.708844573113176,197.17228074080734,247.6912747476585,163.25631181372296,51.7425296909405,64.71254864665546,135.78324757273782,-64.6715170167516,-43.59573268604372,-52.07147405021472,-44.66852129854752,-36.23607798435112,-41.8237022561801,1506.5677325913086,673.6653704497361,1404.3116599721889,89.37739956444682,163.34070328627078,125.6806405605899
S051,0.7472373267196514,2.2438934721250405e-12,3.002919409788672e-12,1.3235430545567297,-48.07052791416557,-76.00357603736884,-62.62580441928458,-60.35734931341381,-55.56564402809322,-67.25615994668317,205.96686704045192,121.5484483878308,163.23993267794168,63.11153781203831,78.26341393964694,70.876912582493,-72.08397027088908,-45.98284959856478,-57.97961452568904,-52.806429644450745,-65.32284521421319,-56.893048883488895,321.39274912281155,436.7933758065569,506.7166125356355,72.77523264727421,110.24034322110174,123.48356750875482
S052,1.980329322882882,3.4686923569376844e-10,1.7515734968202686e-10,9.297886921433872,-94.63139593940889,-95.70476721873992,-97.4528790021877,-57.894013524553266,-64.69643081480683,-72.41807420941285,960.5431580705941,297.2485905805452,1291.810540411712,73.38520799794115,150.63536186191254,204.13020741236053,-92.44907646068496,-91.31290222867901,-90.26023194755798,-64.4798552683304,-78.74780860948901,-54.717762470758714,117.7831313664673,239.2233049914679,24.12424727575988,37.889688652626724,123.02591359886827,67.92629778041912
S053,1.7304190077399102,5.373887896870287e-11,3.105541416751478e-11,1.48246608615829,-74.97435631887707,-85.48473153016107,-75.34117318354072,-59.03706475724394,-33.81671820244765,-26.84804074791393,295.92224465969934,611.0135810835192,315.4703761782399,139.88979446585356,191.0340913266662,160.24385041653403,-57.192785552450445,-60.69046534928527,-48.07974767621477,-43.20744944968149,-34.13274436057299,-42.451794072149,436.98021759111344,321.53124587689825,348.21555163185917,184.78059483513945,249.28404384809264,214.34087353088466
S054,3.736005782728848,6.071525934002198e-10,1.6251382591724584e-10,7.562212078845654,-86.55600854284661,-92.99839644493973,-71.22995995508562,-43.30122079302197,-61.57035607740791,-50.27123577297519,1320.1894613473644,87.58560156140766,312.94439881314497,97.18707927783859,96.02460716505897,171.97046004909112,-94.96568307159792,-91.96109707664752,-94.47871668105316,-74.03537233936018,-73.74129453394308,-74.47832203810607,119.61751711983749,340.7049004083403,140.3219374257712,28.73225457042532,75.30514260064912,115.89280334838978
S055,2.3987888381347213,3.455865612302268e-11,1.4406710408864172e-11,5.105647881330803,-70.78569349871854,-75.76704737105807,-71.29788965053618,-56.294188769773676,-73.3416085583111,-63.765781697201504,664.033199339854,1651.5761326996892,1295.7467458942585,91.39864075373653,150.91909362552792,85.3695747200745,-61.57337259521577,-86.07794639047485,-68.90335719451583,-52.826495511977164,-68.98005922093931,-57.64057779662002,689.7030694739334,518.8300904167479,449.7434440677528,193.7299359631242,139.3335856074782,151.84309098240078
S056,3.6047118783477488,2.679506629997025e-10,7.433344800986425e-11,3.9901048623944106,-86.87013460765081,-80.99081722471854,-81.8543601063468,-54.70929992134074,-62.41210814305991,-60.15439830023958,276.27743883706876,488.20210813436165,675.0979682171385,156.43355842746044,226.0260134207113,327.2560490061785,-88.6734398332341,-58.47842169066214,-77.03720247017189,-13.450335449129813,-40.58461650047239,-11.905410011783344,432.35267902687025,155.3651305747986,651.9240274298826,182.97199737781557,148.9127333198013,215.40889476992055
S057,0.7743226230417543,4.3244928601955545e-11,5.584872159885689e-11,2.363842680917749,-37.932996306465846,-45.40434619744369,-44.605818305519556,-59.39797039062038,-46.43803628705033,-26.26851658561763,1351.5362257189945,1580.3023230078063,1594.1935980117878,313.717682085529,100.4265563403853,243.42124435399,-36.26983888096058,-43.07681974734254,-56.320063181157785,-61.05387732021257,-41.89399432656931,-50.560754384955956,280.3305556883185,178.82877340359673,271.73747447880436,140.28120966474805,73.54814061540985,126.32916239077161
S058,0.8475350923238267,1.1495308696523518e-11,1.3563224461898014e-11,1.5233676752202996,-57.37396141622896,-43.36558621780765,-58.86675305602461,-32.469448761049776,-19.44016471614249,-23.65873920261656,173.48907433166985,257.3249933548897,132.36464178607773,424.43667382654445,371.8117260160078,465.84940135185775,-49.948186023835184,-69.10124783880659,-74.26535582832037,-49.88417159702392,-31.155421528164336,-36.451054696787885,264.90926341458714,1089.0153001146484,430.02346564670574,129.90358230868438,158.30553194697936,204.54854813406783
S059,1.514953284887786,7.15958400375635e-11,4.7259437470289173e-11,3.9867236465233304,-70.85570761372577,-77.90185749564151,-76.80044236922706,-68.62773468848211,-25.767746370857314,-39.10887164393132,185.70632524396257,1063.31582899213,621.8847861275337,109.91320848701261,156.51489374039951,167.70278495064593,-82.31411609459347,-84.71080766382705,-81.63663121003789,-71.9370490280064,-58.48689690475371,-69.6444906363212,277.10507952991793,247.86934897717975,306.5917089798104,106.98105652001748,437.6549779946809,240.86149878145181
S060,4.804605057526187,3.9106997575150663e-10,8.139482248159273e-11,7.976252911406078,-88.72218174170449,-85.51886811246943,-91.83426334192923,-78.92200560187457,-79.06784431636919,-58.664098635610095,86.02975468398031,461.14736205836573,516.8915595115166,95.59420609419517,28.825284525919713,72.58374544919693,-89.28638618608254,-79.50480618261754,-82.54814135853862,-70.84092640559163,-53.72925286718902,-53.821208589527814,248.10959612226006,776.3606710670344,833.5605612590389,192.46178894311936,128.98276110822556,418.2129706649148
S061,2.6934582722501013,2.2852901517515755e-10,8.484594602026101e-11,4.879016086269658,-80.9957112217705,-84.49883775864248,-84.22439700708942,-48.96380965250322,-35.07863120436803,-49.63878706458736,570.314646796445,220.80140320872394,294.62093829588525,124.99120590412085,98.47423907581836,155.40762024174887,-75.90207019845269,-80.92542002063848,-78.64697727206531,-57.57465411473981,-47.238078778095485,-57.08342510920479,470.8160029833078,201.32666005586896,344.72385374211865,192.80891079876147,267.2973687112588,264.3562814224742
S062,2.0845598342968366,2.178250415213649e-11,1.0449450187878228e-11,7.961713505099873,-89.84026874936475,-70.87304162794977,-84.65558672244265,-49.836203377262954,-54.8993908110289,-46.763637785551204,119.19467761126413,297.96678463108736,636.6213362589572,134.0994458920507,233.08592917091784,299.29413688572225,-79.18577160578472,-84.435463924123,-85.3933237603367,-66.03285149167904,-49.217576168535636,-59.496794905115834,148.5093109197509,86.92357225331486,280.02354927587334,68.41017893675149,164.3819995687508,89.03814875040995
S063,1.5647454850991358,1.2249159416813658e-11,7.828212021354772e-12,1.7010689917246395,-43.78505268804657,-25.749345711206406,-30.155331501425042,-47.28128280975312,-64.2989318432778,-59.6918342411449,370.08121590020664,169.4433143835583,529.1454104954348,176.5291403475244,125.84857984341926,83.09046748310014,-56.37508412120962,-74.96296664864623,-63.38573554322278,-45.97843386860377,-27.437729469924882,-45.28445994458848,352.76118266463106,419.0101011728588,148.72558243405052,99.44688116229644,96.3079765020001,93.67376628276432
S064,0.7857074825561027,1.025150389582755e-11,1.3047481567156325e-11,1.9442949239359635,-80.62838205983228,-80.01729629439636,-77.45216291935685,-55.26444247692862,-54.00049138072004,-48.88650598480645,436.4722483579339,245.34373291988754,276.2558403458748,41.89496790114313,90.00275857109665,94.49856681766772,-77.707384231324,-78.44089646603857,-73.44441712870382,-53.83696729611417,-55.113205436105716,-58.19907679039687,458.5775636404789,322.6769252759813,988.3450671699513,117.36864889706852,102.84296802623211,73.84304051209118
S065,2.82084546612485,1.0364814394628084e-10,3.674364483661984e-11,2.8547260417204257,-70.21790027945028,-55.586638261630306,-67.36250725321375,-53.544722777182585,-60.63546177243067,-50.81788368518281,322.4968576770289,681.0002967516167,206.32070599329322,127.74101693789164,128.13082847660345,86.17668593687036,-52.14019786957779,-63.775290567164475,-52.99381632024398,-52.351769032440565,-68.09574621574703,-53.53253908203614,470.87629187462676,360.7567718935137,634.1453420877781,203.63730909070182,74.49890508046795,208.83219718917167
S066,1.398980398377737,2.480543638661718e-11,1.7731082161967144e-11,3.38127306757589,-70.46631945748325,-83.54922022213766,-75.25561198400914,-61.769462734059154,-47.149842351857664,-50.63545656884874,2646.4431101713617,3276.172233992339,1315.3843455512986,1235.0520124021527,529.5233122973531,529.997460970667,-53.00506803929098,-84.22849262947658,-73.21088376949784,-65.12267506377401,-62.11485927348711,-69.08743989008235,1581.5588685656303,3433.7988343513694,2207.4436269312405,366.8040456748947,533.593288102325,491.69805276525284
S067,0.8280700906454476,1.3066359488979941e-12,1.5779291676620316e-12,2.0214248553336702,-72.1035456406459,-55.85481554882923,-75.99217004576747,-17.28228051309701,10.075884036696968,-9.025003676143255,326.6072447302677,856.8425533719395,351.08890605229817,667.1482158135842,585.173210063397,1173.488973229598,-82.34444899894407,-86.10703974588013,-45.33983611526691,-32.9493307519394,-70.67246925691056,-32.26792410471842,899.0928324655954,155.53827133171987,499.36286114753375,830.3636733515757,175.50408724729294,439.87837173812966
S068,0.881305018611192,2.990931937836178e-11,3.3937534391321744e-11,2.3614802761711857,-59.26805451300816,-45.15443876486326,-61.33626833965376,-62.14476734855548,-45.83905559418292,-44.90491631279562,240.56948321686792,258.8231833318981,257.28615951889793,302.36629826580065,461.47995246161156,188.8164738443418,-64.62735184128647,-53.591016355578155,-51.89659178705763,-53.44956087973826,-54.7422877242005,-53.20113434512705,590.2052120709645,841.7462329241763,382.39555154774547,177.316667262074,70.29910506932909,185.070130433891
S069,0.12076202839924327,1.865212548426972e-11,1.544535623615494e-10,2.2600827407043766,-86.03047024807844,-86.95394529388801,-86.17332970852722,-68.3164828522758,-63.68955230759627,-64.0003816539569,331.0457294318707,258.04798298582654,280.4113776762771,68.00079125536217,89.86162561141657,139.3200935506718,-84.45999691648234,-70.40968453507365,-75.96551990801476,-48.90560752429649,-60.83582113234185,-47.39907926451187,657.5769488828925,696.9226578743665,1643.7801224134892,114.30040898492328,63.75787565012312,136.46196286216014
S070,1.7491696195552726,7.70020680091332e-11,4.4022070328840385e-11,3.487739491156958,-62.077574079500174,-54.24432329142842,-65.65644730209567,-66.14564987275388,-78.40855932230048,-70.83169718873444,549.1654316694538,486.08799986702695,545.3066609559642,398.9452551630858,205.19062917424526,295.04061497993587,-63.14253616961052,-59.93741172967072,-67.97854712974899,-59.847381497057754,-52.879729016559374,-52.84392446625923,70.06682912433004,135.00362041756645,113.4953621433509,240.13878623867066,220.94030553091102,291.55545468041925
S071,2.6627112290472748,8.726550463911607e-11,3.277317633513714e-11,3.2874850044455357,-66.00931176454326,-71.50606485229207,-55.439970948636905,-74.78842762505103,-46.234744521487585,-69.71488933943803,491.0488321696333,366.39550964419504,439.9714428143014,233.21255363092962,82.81121671805626,162.8081974227447,-65.7265000539552,-63.82866616019176,-58.72444822814211,-60.93688922413426,-60.94621139565067,-60.98375481455448,645.4862396036809,226.80331636026145,988.7389731948904,122.67516889571736,205.02306545344902,106.21421733309634
S072,2.1838619497444363,1.705535308586995e-11,7.809721254526107e-12,8.48101012738654,-90.36148101304744,-96.8462001874125,-81.59375912351217,-48.566793521325586,-79.204145214516,-44.87146839755105,101.72240909172984,19.55083752348365,69.44931364860707,141.35840804591137,64.279821736783,184.4454595825349,-94.11390285504699,-87.34820403222311,-66.84510281132884,-49.46663271777598,-57.78248343929361,-35.887487891522184,1793.0819540268003,282.52842969293704,356.6801734109112,149.62019599617037,84.97198796179687,112.92895900831441
S073,1.779969367983813,1.7947003654035825e-11,1.0082759836684467e-11,2.0823487929606443,-46.51207937933865,-65.89810108802799,-56.97064740528428,-56.9771193515755,-60.41778209602568,-56.6415166864375,637.5251491350994,335.02577116994865,257.77650215752993,62.73506358684232,101.31723471070049,68.64273005254802,-73.5362378380436,-56.42808013051993,-74.04848909786554,-42.86133965980065,-41.50690325468639,-39.71565956384621,815.9933534871138,511.8281556945065,1138.375883426494,65.05540921724148,88.69765519910149,101.92155395365066
S074,1.5338844646110605,3.783995677048545e-11,2.4669365681384836e-11,4.624022277010923,-74.1605123895284,-87.60166524103641,-80.1492360862716,-45.55886340604033,-40.947348869626445,-43.08897555788287,149.7013441370109,212.5944806789334,656.5232048254097,334.20383401023497,141.38648644172218,333.327189158637,-75.95218170816288,-67.30310819136565,-81.77433428558618,-59.13033061701323,-66.04046587754486,-64.07268265445121,961.3644022303191,314.48915813801875,270.9860555271929,190.26561846291875,369.7305457293095,245.84677374386854
S075,1.952047795095517,2.0491245396587759e-10,1.0497307211468706e-10,5.858020522756625,-87.13656916798753,-93.38121492137583,-92.57631228839804,-60.42427720481235,-82.06212760471358,-76.76813174990194,151.1760197048468,342.0295029574014,567.518392036071,109.2298530935285,888.2393274585004,382.95447536049045,-78.2477070896909,-85.89224328544789,-83.22497746663761,-41.604332003638866,-51.912298733990966,-60.907247772979176,1985.6911438442435,986.5197655254283,1074.396910622519,212.928632450175,144.6185901088669,105.27858339441836
S076,1.2600030306416508,1.7218326606001405e-11,1.3665305707425999e-11,2.209128591040475,-84.40258311585231,-77.76585502582279,-80.62238033462293,-61.15368495971497,-41.43931384917646,-50.97984858582687,151.96356307597836,107.38029889740291,66.20243052909264,78.57050717239197,114.29519643132981,72.21001870797524,-78.30229408297697,-81.54024543290983,-79.44496373539619,-66.57379563644393,-66.34689885707867,-65.88328257533044,132.4188507475104,225.3284342712228,156.05644271828052,214.36017980629165,225.95202796915913,183.17970222627272
S077,1.9484938801561338,1.2670148851079072e-10,6.502534588440076e-11,2.485436301137014,-71.18223726232297,-81.54797849008804,-60.644438261638875,-67.83493678240522,-75.20843941179885,-70.94496746051375,455.32707395066024,148.04634863233417,721.6231357167899,73.79654462765106,46.01758806764647,74.67463457055786,-46.498403411048336,-75.8745353743509,-58.60694449443407,-42.16645982464419,-63.78462707430425,-54.48995761446883,682.0880999606095,185.85797955292816,207.96909722489602,247.1731616775655,227.79970277053923,197.15287246252973
S078,4.760384361825847,1.018134469060571e-10,2.1387652585894666e-11,2.8887590400361063,-64.4118752937708,-65.10635818927652,-69.50597341043962,-53.252086203748284,-49.161767375000956,-38.2568837117633,495.4994587114134,651.5718674715032,778.8804669426825,580.6393651970591,168.65306933137114,175.36005544671642,-93.99856174087941,-90.01029494908751,-91.3147797842174,-73.55455541571332,-69.09524577206244,-60.99759985890978,2300.708999120732,2876.684279351051,1628.3408795354462,97.54580670987035,138.4590095783111,155.44927233371916
S079,2.56125705281731,1.9923916740148e-10,7.778960225109877e-11,2.667765634467976,-77.58625389452384,-34.96199372426086,-77.40323477326363,-69.6090821915293,-55.15725541707223,-63.696250082970096,231.61806213032315,232.9972695614808,154.85888344379944,133.65523342323448,463.5985570668562,233.02463379935284,-73.95136104878767,-71.44697140641745,-68.88835739187861,-23.851265354319043,-49.23317833635548,-47.655831280180784,232.12410635648553,256.45749624905034,282.9604550042659,102.75002752192535,171.08902559548355,140.85191626023274
S080,2.5039921367236166,5.694384647497664e-11,2.2741224159547724e-11,1.715930081259799,-84.04088907154352,-88.36282749625347,-86.50988917789758,-51.14061795148939,-39.391708794153466,-37.73811627529135,1434.1352656062036,166.39036272381634,209.92000028364103,84.1070043869329,106.47625061006694,99.07351522422461,-76.37495799874455,-65.4141017501937,-57.648520492213976,-50.04072357964204,-48.845114952045996,-45.781983881440205,479.28039916663766,960.1043046260406,1514.8805336482872,282.68865526474076,101.66569639253981,105.13193125308848
S081,3.2042548329716602,8.050258379253212e-11,2.5123652140324045e-11,5.84806293455128,-74.0194876967929,-73.11269965347897,-73.94764493663537,-54.34104579396658,-64.3853089667879,-63.97850050382085,407.7336914652345,537.4974960220303,533.264914693583,285.9984390263806,117.38574363998563,120.81111406203675,-61.227461337900955,-51.88327678590018,-53.01565010068793,-53.98986841960186,-66.22656874956388,-66.11143688451313,339.62409992828435,405.62920665140655,417.42795123894706,218.0173873337568,72.52927112995125,72.55146748325545
S082,2.9352947949332164,7.31164722437225e-11,2.4909413654101495e-11,3.0808435900256086,-38.70317090308474,-83.36426542528507,-55.67802715532586,-62.53228135709742,-76.20020142276512,-67.3776002898684,280.1640902563468,1331.9105587933796,355.3814705743555,120.74429569256266,154.39648861616786,102.25003678364155,-66.52706867175748,-80.24231259203697,-75.58041385842972,-68.02664669215785,-63.3726541225603,-67.11775895602324,207.75581444514395,168.94206689892954,958.1352808912353,413.836510984373,127.35344725331252,92.2050693412859
S083,0.9705242049854608,5.4733870032116004e-11,5.639619264615452e-11,5.002413810545285,-90.68265059718532,-85.38726803581552,-87.68638993714679,-72.44230600050024,-73.65655684303013,-76.71329459019334,123.17779461719287,262.10051097242615,216.68328119038156,86.91564325016601,381.50593709487646,114.76436100540556,-89.22702788206104,-85.48279627351415,-89.07781606017303,-75.10946057618261,-51.94718020068456,-70.87382950285954,192.22027533538147,212.5325178959573,493.4067228993576,372.93292662792186,269.4544766794893,206.08091589505682
S084,3.5867653490192337,1.3471078592163208e-10,3.7557735957962076e-11,5.724428760817332,-74.15952481410811,-48.87445546677494,-35.99414532677038,-77.35273462629902,-49.23299151162519,-62.123837474380416,396.87003758135336,680.066941555261,865.331272462822,162.76807250537743,210.46257675032493,218.91245697698852,-81.34202046082981,-83.33780073371346,-82.4692178671891,-74.88558861385319,-56.731740984208365,-59.11175429461958,196.55491732964222,774.3822037114282,442.31270498216924,165.6865662160768,258.04249212255735,244.46882639324622
S085,4.228323895257598,8.389989932247891e-11,1.9842353944687e-11,6.632948626261111,-86.07321291321792,-79.10188958667085,-78.86287386875226,-72.07493206104347,-66.78600925671613,-51.472502015241716,219.44240214168164,469.57486032337886,732.575699033819,20.517125933592524,70.76141275428952,51.17671679027518,-81.24257036773976,-68.37529456183626,-84.53993557565906,-61.50687793166176,-72.04697363075059,-70.5016911808244,516.3956211064093,174.84854601849636,768.9460472991054,250.39980185778273,150.51754755439802,44.56403916180858
S086,0.4671943508957772,2.9577966859468327e-11,6.330976991215086e-11,2.4891104506850255,-85.39983326857934,-85.88792668695311,-84.86848047386991,-86.60487256550567,-79.63033894825175,-79.0532039594449,692.0306219880252,514.0441690868026,723.4479304998273,50.12853128493323,248.24325218042364,33.98895969079005,-41.87595670918231,-31.126595575720213,-46.85690333166326,-45.9901880350032,-67.15579932875148,-50.46201955830043,1046.2675671391448,1255.8076953638188,1468.8273294473815,2235.439965797215,3116.8913189942346,1005.5218405463078
S087,2.2009752433765373,1.2879780928778844e-10,5.851851795034209e-11,2.3147539625229854,-72.92744007959952,-88.45574606207875,-73.68712563538121,-46.48110884311226,-64.93021573618265,-63.934725284570185,412.65407815887124,433.7364464186244,478.9824160766075,123.87949561462325,173.14857664249007,353.01371896133793,-75.5220007514117,-61.96830020633366,-78.5602853510739,-56.90740498829413,-63.25147701766569,-57.2559984475287,413.75912180250475,478.54110720935796,485.1666251265982,381.21271613258176,220.2163453480029,163.5745203192313
S088,0.5828298554900228,2.6902968080918423e-11,4.615921409568039e-11,2.3537633227651966,-53.00562143653671,-54.730154693319996,-52.245876551142956,-56.07170239722578,-54.389181157666364,-51.914036616270174,425.97203552258713,259.17768018374767,277.0312351335904,298.5872946462666,84.58975156709103,161.3300101706084,-58.23084592803029,-59.5599679846035,-57.03630846752089,-59.32769430585989,-42.43848502138597,-36.911038234707064,345.7793877563012,389.21451173380206,146.2328882272515,167.29936878520684,124.57649996274316,118.3551003625788
S089,1.4080464637817847,1.754411842885027e-12,1.245990020935077e-12,2.172531638266989,-74.02441208058048,-85.91815080410558,-85.7477911872797,-67.9600618920286,-67.70977959327418,-70.59772640367676,384.80463438472896,170.88742664352355,252.49203947785267,59.13642930422187,180.40275853443737,105.38961294838285,-47.2572012857815,-50.04576505438955,-47.71186523062581,-39.53699089495631,-40.50313645382222,-30.60220473076982,306.4681225696969,451.7208576493493,289.0750197665604,110.25587415480078,78.46505187561644,182.3532431099683
S090,2.175154926582187,7.427580703757024e-11,3.414736400145967e-11,2.078432178146798,-56.45757560866566,-60.597372606423946,-67.47807699290136,-53.73212783333952,-56.27762323299944,-64.32033578491514,411.34198281775866,440.4000227687874,468.86975101566185,105.13583800714983,91.36947358346502,115.52061758874332,-63.256586107421676,-73.89236937343888,-64.87275390312315,-29.551842739164215,-36.46611833906871,-31.77166111920833,93.26827764288839,154.73168712623482,151.76118357865516,151.05662608342803,101.1182400675755,135.6301824716486
S091,2.1955165005158745,8.541053680478049e-11,3.890225228765614e-11,3.2913913895946365,-77.99254768089781,-72.93008915876712,-68.31577943311571,-48.50009701301627,-47.85185270083437,-54.95771213426739,298.91581531466215,517.1934649650401,385.20209240225483,220.43859619611746,91.59052113850483,216.42598505009622,-42.74424623570708,-47.120623490004235,-46.88809129125212,-48.578381982426386,-44.678398469771054,-53.891070496821534,426.1998319184935,608.1576458447641,435.1775389214494,152.3877977636937,101.31706084385827,118.31165988119663
S092,4.150661947446826,3.1191824086656223e-10,7.514903521796826e-11,5.75560340541022,-44.739060771239224,-73.03540315845866,-72.48387054179769,-53.75197359754734,-47.41896507598293,-49.049141169729374,307.3859706255757,362.3861890374231,170.9529788555432,80.45319571170018,98.16265617735245,127.05117411743699,-64.34135884632364,-57.55873623231754,-65.05802352968175,-53.51092987603367,-52.396284412982766,-39.420979989850615,297.8290456221705,145.70380103884864,265.0118941454026,89.07962045194553,121.46138498407059,233.62067855351256
S093,2.002331656072743,2.252475457311556e-11,1.1249262580852516e-11,7.638876753545944,-75.67308983335496,-80.3751166032955,-74.06891368478571,-39.592045451846424,-54.87605346736441,-46.45988707018605,170.85985588973358,206.78491585823818,648.7188413159915,93.470960292189,116.73641531424211,128.68314568538858,-74.11561203261097,-77.20137978025396,-72.59115641486325,-53.344475627506505,-53.637343740884305,-44.11400553382929,313.63290575278796,378.03219716951617,262.5461788165575,134.91533241171564,207.00036611804435,113.12641701485349
S094,1.822406489457357,4.656838423354314e-11,2.5553236614850634e-11,3.5574616142690942,-73.43098687239493,-79.24543337834933,-76.90134870345263,-69.62604651161439,-69.44494107069684,-77.6506412221134,78.6442848949318,194.50218738601856,1042.9123426914286,91.70838872213388,83.20162183379534,154.93116796643483,-78.46485247188917,-75.49257129881364,-58.85299966723453,-71.95468957833921,-76.956635993062,-70.98031261198318,404.8889463312885,831.6919821912184,107.80716321389221,126.17364145855288,10.487858127501985,43.08892841206138
S095,1.3644600165708736,1.3564188260310136e-10,9.941066865703629e-11,2.911611318251474,-33.73590653475549,-52.62724582754497,-32.77188663147667,-51.70511077623237,-69.52439771186313,-55.3787855308691,277.12859773243366,829.8380584920103,230.14155191627893,226.40869907615416,90.92146488686429,239.42358268090877,-50.34678423825719,-67.8668114182029,-73.75747446135071,-68.86981526376871,-46.29807988413039,-50.93296536690928,129.23315452496277,143.20287544191018,222.27012192711388,172.81655714952277,326.04180459884844,117.58603994351833
S096,0.8211920492490921,7.003495524853125e-11,8.528450234335813e-11,2.8888418842532957,-66.00822206176981,-74.92672783283601,-72.0146966875486,-50.76582849816853,-59.45400956374647,-48.998733035351194,755.0140262161528,441.0207563478745,709.130647615155,9.218216720877367,161.59698147694579,-3.8499091893671946,-91.18961767201839,-70.07036450588643,-81.03300273520341,-60.75532369812883,-58.31543172162546,-59.5256041164962,468.0757573726809,276.3954841965278,283.8671386549642,47.103879871954575,49.73788307668817,72.41330868009533
S097,1.3028566141536793,4.180204352911601e-11,3.2084914851716153e-11,2.125698609883493,-75.0538297864382,-87.8760409316721,-78.58712481346969,-50.85221329114689,-60.865830135563485,-56.762438669623336,430.4957191001012,267.1691410275961,834.4591025206412,266.43628684031654,265.61121713749156,328.80242838159734,-67.69987541181412,-73.78157482952494,-65.64019357671349,-47.41801750131488,-7.772196811909669,-18.400236517567727,2347.8479559064085,1825.8522893516688,1195.0127404819577,219.07111530646972,248.4463249640579,253.2282255283163
S098,2.9936226584901764,3.5152879494655826e-11,1.1742588664259063e-11,8.274923704702289,-89.34014953935723,-85.20614340344268,-77.94757839793677,-26.669001363273466,-52.076389300326674,-53.01096546785943,1480.4147585708956,982.4834234221752,601.6134900083076,387.0908800817395,203.37603951053978,218.96607961132156,-76.61296367691907,-78.57016237003222,-79.46402515949848,-36.616544464962686,-60.14673066709362,-57.98235096820319,1915.8684671838714,705.6306355701385,1345.887965438603,144.7981269663176,288.0751237554517,207.16716362632602
S099,2.330145960566063,1.0469208671700847e-10,4.492941149985969e-11,2.5775154003174947,-77.23445951714109,-69.6924535474723,-75.60433398834144,-57.06767852644432,-46.9993543525879,-51.96840506633854,203.42672278874835,1048.6782187807423,460.16123491732753,281.11456325767995,192.00097482848318,200.30323376906972,-85.12848300990052,-87.17154972930754,-88.42491152603263,-51.588002833107325,-59.02927947502196,-59.49338437403288,244.81479753219153,188.57136767647938,188.23400911112734,69.93495723191455,93.42033617085823,50.878145655428064
S100,3.3919634744381644,1.288727741596955e-10,3.799356187968434e-11,7.753486081195199,-88.94915998615804,-80.62766782557601,-66.77977793913264,-62.8987726076547,-42.25542192108854,-36.79869842776161,131.3439060069028,89.7872131649299,97.53146015726824,33.176384851442684,75.71359445967649,52.65251228140946,-83.15063064341025,-74.95449306460817,-82.47057044229147,-49.933987006941734,-56.30852429562384,-34.119562132779166,390.2297949142628,628.6849224993747,680.6764148334252,129.1940317767684,102.01480116481049,120.87867732002151
S101,0.45433519096202724,2.465898772547696e-11,5.4274879463470676e-11,2.425232199031008,-63.70625494298907,-50.80554286524384,-63.560382196058306,-62.293716748528716,-41.67042347468203,-52.28710257198643,676.2606674795386,256.0591619794802,255.89101816680508,244.67077733276835,179.6268092999021,218.28696148644906,-41.63419719652467,-55.267410982173615,-44.587640683615106,-39.79959306267721,-40.849598739739115,-35.96201476609004,677.1808894094759,520.1851606178084,1025.5381938112348,382.18281429026655,310.5969525312673,330.8279403441742
S102,2.169761919329499,2.3426717767901307e-11,1.0796907051968469e-11,2.9328550999421523,-78.95309007802965,-70.6818994405799,-73.50130791893008,-53.09229767568786,-33.80777851023656,-47.12029573923337,607.0730350301056,299.4335222384949,2279.3022099740656,106.62735846293123,111.87583397018932,234.87075282090802,-41.16158951202743,-50.80606976577228,-44.81408581218058,-63.25073981917421,-65.903681237755,-58.41090970569516,463.43501370885025,486.13460919258057,718.4379985775042,331.6100221316018,147.71968548700835,383.4009374479097
S103,0.5483640594782839,1.267982606693791e-10,2.3123007147845459e-10,4.328535351152887,-76.773490951136,-61.23144970762924,-55.968503849042996,-81.50611553383769,-58.73823422282125,-72.80458131089568,357.7461977486419,519.3729374291064,397.97293774736795,176.19984695638064,178.90732390775136,154.92165605605862,-71.4509834801785,-80.85499540539256,-80.64715557818501,-56.63606938538999,-57.193121438473916,-53.54556337510892,329.4309285345524,340.20991078225967,810.1166220304526,87.90583286328925,205.6046889916891,136.29680803269278
S104,2.513869404347985,7.844603705116595e-11,3.120529527726691e-11,2.8020834438359614,-78.59274410119185,-77.79890967801222,-81.52133251370175,-55.86834529012005,-54.285866588247345,-45.924420559396566,215.9138120680908,123.85565915448555,354.5465248572189,623.7576375663213,73.67803782724319,123.31111391338878,-49.34968284013248,-56.96167764557123,-67.05218710314428,-43.717388804753185,-71.37635834333487,-49.79387417184274,457.03253362644125,174.67903043226394,292.61151935480444,127.4224641445311,136.03620572065554,113.20752102899085
S105,1.3384194398433529,5.1234988836527305e-11,3.828021867533827e-11,5.2047288729628605,-76.0406695996079,-64.57021827725592,-57.54475907105447,-49.40000505462626,-61.31553320171956,-55.96954233433215,316.06438404683286,252.26281127310565,403.93404626666165,148.88377173066,144.52084316442327,229.2701965259786,-65.73052689366347,-81.58934406997605,-71.53446697518082,-54.89474210049402,-55.986426103570174,-52.95082997829935,96.22520301136018,343.7656170406883,214.00088812005436,79.81603564662223,157.9818302179817,294.48422669361224
S106,3.6644506422625236,2.4107930196535874e-10,6.578866124841849e-11,3.9746921242213347,-96.42476568831135,-90.80322039324736,-90.92906492689633,-83.65413600389986,-80.63174639756421,-71.59797964696153,438.25454037190843,1084.7746552101853,1263.043511276594,78.27792308453554,115.13717159959111,96.56853399623047,-26.22257106645332,-40.972050531958295,-53.48384874038392,-45.88856706125255,-46.10269862301726,-53.35671133778121,450.3774950188819,1088.45733272014,1288.3801777419455,84.72026367603145,137.1510266315096,97.31881973596047
S107,2.9209178435729397,2.1310249172942915e-10,7.295737269650723e-11,4.6556353227004905,-55.187846779387804,-60.19645627808449,-57.74603569410445,-41.64143770279131,-51.09619793884348,-48.04142748193745,845.9472303454154,1820.7968550714575,1059.0089024334704,448.7696620139376,423.95936364364456,473.89122935714954,-84.56486231190652,-87.86213089490371,-83.51236992567277,-65.51651234018595,-63.98891723232409,-61.00488527237333,1473.6581995395225,472.25192733685566,1740.677751228371,464.4547788213116,414.15205057596296,335.1861651536085
S108,3.539286088799455,1.4526708902465345e-10,4.104417822689457e-11,7.978411493882994,-79.19343789573054,-89.45766077778595,-82.35045543451751,-59.99085459945329,-60.268999203450754,-51.115282431707854,693.5004238688498,92.45372794869763,288.65333892407637,49.11651306956462,50.77539029443141,85.99195858612225,-86.44412694160188,-61.56962033542658,-81.57600102203436,-49.81777436558321,-36.961352596836704,-37.00023123358041,1228.5745985660585,158.35951005293768,574.6516576036549,46.112967161139956,136.1117907335212,95.49080044644136
S109,1.6281447349982001,6.896032541538821e-10,4.235515672104203e-10,3.0490799736232503,-85.97337422841834,-54.11166178412454,-73.92940171197178,-84.11080769329408,-9.24639008180968,-71.57634396682244,699.4756753772301,581.9977188328988,801.552204705444,870.4785117571189,197.55140209206198,972.8531152345516,-85.19917207623267,-45.94884306954703,-76.3802673155284,-56.12264891008066,-45.380037370524924,-67.37060032454947,433.13650675777586,104.09691828888079,635.7638609117804,119.10193074589861,111.46516826938307,148.6847896668511
