subject_id,FF_alpha_entropy_gap,FF_alpha_entropy_imagined,FF_alpha_entropy_real,FF_alpha_lzc_gap,FF_alpha_lzc_imagined,FF_alpha_lzc_real,FF_beta_entropy_gap,FF_beta_entropy_imagined,FF_beta_entropy_real,FF_beta_lzc_gap,FF_beta_lzc_imagined,FF_beta_lzc_real,LRF_alpha_entropy_gap,LRF_alpha_entropy_imagined,LRF_alpha_entropy_real,LRF_alpha_lzc_gap,LRF_alpha_lzc_imagined,LRF_alpha_lzc_real,LRF_beta_entropy_gap,LRF_beta_entropy_imagined,LRF_beta_entropy_real,LRF_beta_lzc_gap,LRF_beta_lzc_imagined,LRF_beta_lzc_real,FF_tar_gap,FF_tar_imagined,FF_tar_real,LRF_tar_gap,LRF_tar_imagined,LRF_tar_real,resting_beta_entropy,resting_alpha_entropy,resting_beta_lzc,resting_alpha_lzc,resting_tar
S001,-0.0016056420197994,-0.020386816392744467,-0.021992458412543835,0.0026760045588593673,-0.057290120619391864,-0.05461411606053243,0.0013171156614637666,-0.02311399923495573,-0.021796883573491965,0.0083625142464356,-0.05241339663618343,-0.0440508823897478,0.001778352276697236,-0.027589970277402166,-0.025811618000704934,-0.0018063030772300665,-0.0598992250642798,-0.06170552814150987,0.0028018639279176667,-0.020588366057731233,-0.01778650212981357,-0.0082287140184926,-0.040638976577202064,-0.0488676905956947,0.02756981280527813,-0.0052763882231111,0.022293424582166998,9.759675063033638e-06,0.013125535796690534,0.013135295471753535,0.8856814804401298,0.8505564189672209,0.0963667715154491,0.1053244024509181,
S002,0.011152109347103834,-0.0312969171875875,-0.0201448078404836,0.0026091044448878996,-0.05846163140315567,-0.05585252695826776,0.004440764537297167,-0.0175331478893991,-0.0130923833521019,-0.0027429046728308665,-0.047272765550750134,-0.050015670223581034,-0.004577573045499433,-0.028863314603909663,-0.03344088764940913,0.0062886107133195345,-0.0585285315171272,-0.05223992080380757,-0.0015917828980137997,-0.015557616222957165,-0.01714939912097103,-0.0008697014816293334,-0.04539956235954853,-0.046269263841177875,0.021387267795569233,-0.0348962763429245,-0.013509008547355266,0.010948151337176632,-0.034421426921134805,-0.023473275583958102,0.9129594885137128,0.8656622641792476,0.0965112494337631,0.1085029166538265,
S003,-0.006572764706203966,-0.019658490435916266,-0.02623125514212027,-0.004683007978003933,-0.0540091810630439,-0.058692189041047865,0.007966628408512966,-0.0186170048875343,-0.010650376479021265,-0.00046830079780043357,-0.06446629602672789,-0.06493459682452828,0.0019455604814446997,-0.024546631769791504,-0.022601071288346833,0.0014049023934011664,-0.0607660925741639,-0.05936119018076267,-0.0013336883305682997,-0.015067034028739467,-0.016400722359307802,-0.0024753042169449666,-0.06868100320693143,-0.0711563074238764,0.03603575393212887,-0.2158202297697461,-0.17978447583761717,0.0661615702143296,-0.3161682689129661,-0.25000669869863645,0.8964573588052203,0.8528802833111981,0.1100921737552807,0.1061912699608022,
S004,0.003544349526765867,-0.010201915461346167,-0.0066575659345803,-0.016323627809042302,-0.031006018361918002,-0.04732964617096034,-0.004851443285906234,-0.0034893486139246665,-0.0083407918998309,-0.0052182088897758,-0.047336831692976394,-0.05255504058275223,-0.0084390479969598,-0.0094173741565929,-0.017856422153552733,0.0008697014816293006,-0.043449439560614235,-0.042579738078984936,-0.003001190248978327,-0.0085708923144269,-0.011572082563405235,-0.00046830079780036646,-0.05295644126658117,-0.053424742064381574,0.07868218517704077,0.0071155585582337,0.08579774373527445,0.016481356631170768,0.0128670880816178,0.029348444712788534,0.9393023508314624,0.9125449910269386,0.0973781169436472,0.0927548235575987,
S005,-0.006699147403440599,-0.02065768861384903,-0.027356836017289665,0.012108920628838768,-0.06696513139955033,-0.054856210770711566,0.0088845234945798,0.007859470911392266,0.016743994405972167,-0.0023415039890019337,-0.055682342108940804,-0.058023846097942776,-0.007885652834650666,-0.014071167288921632,-0.021956820123572234,-0.0217425370407326,-0.049771802108878695,-0.07151433914961133,0.006508282224175568,0.003072595053797767,0.009580877277973366,-0.004348507408146434,-0.053608438575824764,-0.057956945983971296,-0.0153822913495106,0.012069392725644432,-0.0033128986238661665,-0.013546935023126067,0.0137425804639347,0.00019564544080861364,0.958903170188972,0.8864841713951954,0.1025793220029518,0.113126210039875,
S006,0.002124481867340267,-0.013407707709852732,-0.011283225842512465,-0.0031443053566598002,-0.06707691805014143,-0.07022122340680123,0.005557301564647301,-0.0005722641622337331,0.0049850374024136,-0.0040809069522606,-0.04957307635679353,-0.05365398330905421,-0.0011274820027317,-0.0084147382272311,-0.0095422202299629,-0.013513823022239968,-0.05356309502790147,-0.06707691805014143,0.007393626121429801,0.0011802541335365665,0.0085738802549664,-0.0009366015956008,-0.05646378809585654,-0.0574003896914573,0.0038413412282017998,-0.04671536121928107,-0.04287401999107923,0.008142695071617032,-0.050025898066384134,-0.04188320299476706,0.9459841966796748,0.9155220005846976,0.1022903661663238,0.1164492021610974,
S007,0.002433680941153067,-0.009642806301155401,-0.007209125360002267,0.0007359012536862995,-0.04625575217906156,-0.045519850925375305,-0.005643547750484367,-0.029346984376083667,-0.03499053212656803,0.0017394029632586334,-0.07300618064450656,-0.07126677768124796,-0.0050400605085678665,-0.014938046958916667,-0.0199781074674845,0.0030105051287168,-0.04632265229303307,-0.04331214716431627,-0.004297217941928533,-0.028240497206679666,-0.03253771514860823,0.0026091044448878667,-0.07802368919236793,-0.07541458474748004,0.019973315354085166,0.015123411228259066,0.03509672658234417,0.010415080849508066,-0.0012146748583320669,0.0092004059911759,0.8906637630938422,0.8660117603952002,0.1206390617922039,0.0972336390253332,
S008,-0.015549934716694766,-0.008534620870728002,-0.024084555587422733,-0.0012711021654582286,-0.07263397906004557,-0.07390508122550381,0.0064776950032797665,-0.0071567635102554,-0.0006790685069756335,-0.0070245119670059005,-0.059411744660872734,-0.06643625662787866,-0.0086849096104684,-0.0036944994663807664,-0.012379409076849165,0.0036126061544602007,-0.08547880094257072,-0.08186619478811051,2.7394737745999882e-05,-0.009133437097341266,-0.009106042359595334,-0.0008697014816293671,-0.0612849478520743,-0.062154649333703606,0.24297784845488557,0.01785942980924673,0.26083727826413233,0.10286060142244946,0.021208608912966134,0.12406921033541558,0.9446554946064424,0.8515385037250695,0.1077805270622564,0.12193936305703,
S009,-0.0057290896369126655,-0.0378011054294207,-0.0435301950663334,-0.0052851090037473,-0.0388156696695007,-0.04410077867324804,-0.002374323728053433,-0.015450716348126134,-0.017825040076179566,0.0065562111692055005,-0.0638193084643649,-0.05726309729515936,-0.0053640625651984325,-0.04675394156801913,-0.05211800413321754,-0.012978622110468033,-0.04537188083870627,-0.05835050294917437,0.0002982688263883339,-0.018351089437969436,-0.018052820611581134,0.0028767049007738664,-0.060407402651819174,-0.0575306977510453,0.0876777006755845,-0.02471471475655243,0.06296298591903206,0.07453871406447637,-0.019699076610052,0.05483963745442433,0.8980796487824263,0.8132883354125614,0.1067691816340583,0.1015679765747537,
S010,-0.0009405104177125671,-0.025310356724395997,-0.0262508671421086,0.013982123820040333,-0.06681630193096551,-0.052834178110925105,0.0013232432130995,-0.015848970428362533,-0.014525727215262999,0.002943605014745333,-0.04600515555364687,-0.04306155053890154,0.0022453611471624003,-0.027550329254405603,-0.025304968107243198,-0.003746406382403133,-0.05336937902269697,-0.05711578540510013,0.0037384829654935666,-0.014429078984106199,-0.010690596018612534,-0.0009366015956008,-0.0419242486013863,-0.0428608501969871,-0.0811801175396193,-0.05777469673863846,-0.13895481427825776,0.010280744215944233,-0.07350688174581539,-0.06322613752987113,0.8898649621762004,0.8495302520389696,0.0920324339660286,0.1074915712256284,
S011,0.0012426555665379336,-0.004850151603468067,-0.0036074960369300996,-0.0077604132206922334,-0.04908974631835123,-0.05685015953904351,0.002660757701752333,0.0006233206930651667,0.0032840783948175334,0.0017394029632585998,-0.063880540634846,-0.062141137671587375,-0.008342135108176366,0.003936124419087766,-0.004406010689088567,0.005285109003747333,-0.057786761134644295,-0.052501652130897,0.0041619546283318,0.0032843177158127005,0.0074462723441445005,0.012911721996496567,-0.06274323869733077,-0.04983151670083413,0.013854728931119933,-0.0122682274708793,0.0015865014602406003,0.009174154089429233,-0.007800096894733333,0.0013740571946958668,0.96491958368062,0.922491484243672,0.1085029166538265,0.0966557273520771,
S012,0.00018439293638376677,-0.0213866172925772,-0.0212022243561934,0.002542204330916434,-0.060401734708328735,-0.057859530377412295,0.0038149639143786,0.0025155456797469333,0.006330509594125532,0.0118413201729528,-0.0564345889964886,-0.04459326882353573,-0.0008490724012412665,-0.017863379780530732,-0.018712452181772036,0.003478805926517233,-0.0614721365318725,-0.057993330605355296,0.002542924712097233,-0.0017908697947758333,0.0007520549173213913,0.0023415039890019667,-0.05201918147437057,-0.04967767748536856,-0.0077464455919921335,-0.001515746165959365,-0.009262191757951467,0.02089518215018707,-0.006201833651537367,0.014693348498649735,0.9558334452995324,0.8877133627616778,0.1009900649014976,0.1085029166538265,
S013,-0.013159637405330068,-0.021510657603770935,-0.034670295009101036,-0.0008697014816292999,-0.060498492118277965,-0.06136819359990727,-0.0027111494383968327,-0.018239322298836534,-0.020950471737233398,0.0012042020514867336,-0.0402410680617281,-0.0390368660102414,-0.007827328630098133,-0.022663800534758968,-0.030491129164857134,-0.0078273133346637,-0.046850868868095,-0.05467818220275877,-0.004469019105342733,-0.018641443650516232,-0.023110462755858967,0.0004014006838288977,-0.04057556863158557,-0.040174167947756634,0.045956978396891925,0.024225080289615734,0.07018205868650766,0.013414370855628466,0.05919555489191017,0.07260992574753859,0.8840329853874737,0.8491220263846037,0.0918879560477146,0.1061912699608022,
S014,-0.004332041545951567,-0.0157768202447189,-0.020108861790670434,0.004683007978003966,-0.053774060207793996,-0.04909105222979004,0.0053694732161988995,-0.0059381977174203,-0.0005687245012213667,-0.008964615272178933,-0.044128136336675804,-0.05309275160885483,-0.0164400251656619,-0.011304772212307168,-0.027744797377969168,0.0006690011397148336,-0.051164955762906104,-0.050495954623191196,-0.0052395109098331664,-0.0029099836869831996,-0.0081494945968164,0.005017508547861367,-0.04720554157936414,-0.04218803303150281,0.004730106305987601,0.06244958650170964,0.06717969280769724,-0.03955968261445757,0.03314559788202073,-0.006414084732436866,0.9017220503292694,0.858740587350385,0.092563818852031,0.1009386405576909,
S015,0.0003591327579750998,-0.039515867807207804,-0.039156735049232665,-0.011975120400895767,-0.04769703919384677,-0.0596721595947426,-0.0025977040964037,-0.0069730758777795665,-0.009570779974183267,0.009031515386150433,-0.0677060424001173,-0.05867452701396684,0.0039340789715653,-0.039935678772964465,-0.0360015998013992,0.005218208889775801,-0.0575313559476551,-0.052313147057879233,-0.006491241394822334,-0.010876349860076134,-0.017367591254898434,0.0030774052426882996,-0.0665018403486306,-0.06342443510594227,0.004024790990200565,0.030556877035512495,0.034581668025713067,0.05863953256560486,0.028029727665572737,0.08666926023117753,0.8749208601552858,0.846631685805697,0.1150044229779573,0.1031572336762079,
S016,-0.005716665545994301,0.04674488210499957,0.04102821655900524,-0.0019401033051730332,-0.0408096184378327,-0.042749721743005765,-0.0036543615589437997,0.031706782590057735,0.02805242103111387,0.0038802066103460994,-0.06430481427794264,-0.06042460766759653,-0.005465115897287567,0.0398444976439564,0.03437938174666876,0.001404902393401166,-0.0402744175260608,-0.0388695151326596,8.172707476313322e-05,0.030579146236750166,0.030660873311513268,-0.0014718025073726332,-0.067114619064745,-0.0685864215721177,-0.0009938186236352336,0.16519869837164136,0.1642048797480061,0.023343601745245898,0.1449671233266164,0.1683107250718623,0.9683665742269236,0.920368136589127,0.1151489008962713,0.0850974938869558,
S017,0.005870187687252966,-0.013371131909255833,-0.007500944222002867,-0.0070245119670059334,-0.0812052385523276,-0.08822975051933353,-0.0046694962589671,-0.0083756411947149,-0.013045137453682,-0.001538702621344133,-0.07207524699239616,-0.07361394961374033,0.004630028927600033,-0.014734291879919868,-0.010104262952319766,-0.0020070034191445,-0.08521924539061672,-0.08722624880976126,-0.0026835737091674334,-0.0080349097760273,-0.010718483485194767,-0.005352009117718733,-0.06826194049602154,-0.07361394961374033,-0.046361247010319524,0.1438728088895793,0.0975115618792598,0.005080778841367932,0.07304056724723894,0.07812134608860687,0.9037509905943027,0.8719790350604544,0.1189053267724357,0.1365316328067457,
S018,0.002630477624046033,-0.058818419898931724,-0.056187942274885695,-0.014450424617840721,-0.037518202376419764,-0.05196862699426053,-0.0031937876142094333,-0.04362384484375703,-0.04681763245796653,0.0025422043309163665,-0.0589996662866728,-0.05645746195575633,0.003718443760320267,-0.061538856874721104,-0.057820413114400865,-0.022812938864276332,-0.03745130226244833,-0.06026424112672466,0.0014036908202630335,-0.050502514524690366,-0.0490988237044273,-0.004549207750060967,-0.06134117027567476,-0.06589037802573573,0.0060740636768781995,-0.25067624093144253,-0.24460217725456432,0.012371964123540401,-0.25057377097212447,-0.23820180684858405,0.925119609168386,0.897117609566659,0.1076360491439424,0.0994008078000434,
S019,-0.0013564014071942333,-0.0096889238844902,-0.011045325291684433,0.0010035017095722666,-0.06316533656529195,-0.062161834855719696,-0.0011204818663467998,-0.012122801926625501,-0.0132432837929723,0.012577221426639166,-0.0625026615656773,-0.04992544013903814,0.002648733262051533,-0.008601558401164965,-0.005952825139113366,-0.009700516525865267,-0.055471823458571164,-0.0651723399844365,-0.0006058934027877999,-0.01645284236981157,-0.0170587357725993,0.0018063030772300667,-0.05842175461341673,-0.0566154515361866,-0.002461311022188167,-0.0301991998225546,-0.03266051084474273,0.0239016237692084,-0.06675123803660814,-0.0428496142673997,0.9016639754613066,0.8649533959327528,0.1070581374706863,0.1124038204483049,
S020,-0.0061825875378308665,-0.059863126088228164,-0.06604571362605907,0.0028767049007738673,-0.07725727244609407,-0.07438056754532023,0.0018871686883704666,-0.056173646241235935,-0.05428647755286547,-0.0020070034191446,-0.0621653270240747,-0.06417233044321925,-0.006216563857289367,-0.06268807457794116,-0.06890463843523052,0.008094913790549668,-0.08475008521090044,-0.07665517142035073,-0.0001333681795787333,-0.058340839433530266,-0.058474207613108974,0.005418909231690299,-0.058485820755642993,-0.0530669115239527,-0.0030080357824502336,-0.0968253478526251,-0.09983338363507537,0.0015131604545728999,-0.09890203250443264,-0.09738887204985976,0.9260101952911188,0.8899336446702908,0.1079250049805704,0.1265626564430786,
S021,-0.0060569569527716,-0.0025807499783130996,-0.008637706931084666,-0.002408404102973467,-0.04146880126909233,-0.04387720537206586,0.0005081887035756332,-0.01587280427926,-0.015364615575684401,0.0027429046728309,-0.0603703598338254,-0.057627455160994524,0.002129063115302867,-0.009424297030643366,-0.0072952339153406,0.0006690011397148668,-0.045884208791210405,-0.045215207651495504,0.0001520916710936334,-0.01845557019178473,-0.018303478520691033,0.006823811625091433,-0.053947948892562804,-0.04712413726747133,-0.027567418645531933,-0.0414242474929929,-0.06899166613852474,0.026776286506534065,-0.0934031505452923,-0.06662686403875813,0.9046145105059398,0.900285902339086,0.104457534941034,0.0949219923323089,
S022,-0.005219737756652933,-0.03846541186571627,-0.0436851496223692,0.0012711021654582667,-0.08210828949828956,-0.08083718733283136,0.005304179023272434,-0.014620307926360232,-0.009316128903087766,0.0036126061544602002,-0.06555521925926854,-0.061942613104808336,-0.004632913024619167,-0.03774692503007703,-0.04237983805469627,-0.004816808205946834,-0.07347817479596801,-0.07829498300191494,0.0026770864188721,-0.014004308156759633,-0.0113272217378875,0.0028767049007738335,-0.06863262450195683,-0.06575591960118297,0.18763727936648347,-0.06093736374542213,0.12669991562106137,0.168527924671806,-0.0469255412853865,0.12160238338641943,0.899961916047661,0.8409478695785058,0.1112479971017928,0.1297411706459869,
S023,0.0012940320141774,-0.0192708572565693,-0.0179768252423919,-0.015587726555356,-0.036926779041047436,-0.052514505596403464,-0.0001706930742921001,-0.01737524666103017,-0.0175459397353223,0.013045522224439601,-0.07978945728324927,-0.0667439350588097,-0.000584582954245101,-0.013104925890375633,-0.013689508844620701,-0.008161813904521134,-0.049236400011800706,-0.05739821391632186,0.00012871070230810496,-0.01745536101451063,-0.0173266503122025,0.011373019375152435,-0.07711345272438987,-0.0657404333492374,0.08642219552157186,-0.1267684980230372,-0.040346302501465266,0.08961520743129747,-0.1498388153006118,-0.06022360786931436,0.877304114597301,0.867464639978778,0.1228062305669141,0.0995452857183575,
S024,0.006061978244168798,-0.03755822173459697,-0.03149624349042817,-0.0036126061544602002,-0.03960278359990687,-0.04321538975436706,-0.0052392174656351,0.011929925864513332,0.006690708398878133,0.0038133064963746664,-0.0671680075166002,-0.06335470102022557,-6.875965028166689e-05,-0.03834783433511147,-0.0384165939853931,-0.0006021010257434002,-0.044687192261739735,-0.045289293287483066,-0.013710883514546498,0.011959658317762167,-0.001751225196784333,-0.007626612992749265,-0.05786889167456379,-0.06549550466731309,-0.0015130618312421337,-0.004322082945610567,-0.005835144776852733,-0.017402461769560933,-0.000594332633573634,-0.017996794403134533,0.9323098319845738,0.8505800271258178,0.1158712904878413,0.0995452857183575,
S025,-0.016026723467102367,-0.04633635268155906,-0.062363076148661496,0.0018063030772301001,-0.0425341933457555,-0.040727890268525434,-0.004351601174646533,-0.05183730702738687,-0.0561889082020334,-0.0055527094596332,-0.061664993155161135,-0.06721770261479437,-0.011684044677514036,-0.06814249788019038,-0.07982654255770447,0.006823811625091433,-0.03644628297435037,-0.029622471349258866,-0.008091942498500067,-0.051761084970323695,-0.05985302746882384,0.014383524503869233,-0.07002750740159673,-0.05564398289772746,0.0026509682007074663,-0.09564405305884631,-0.09299308485813884,-0.0007594547153352334,-0.0968532754335053,-0.09761273014884057,0.8918873866204972,0.8194300943857158,0.1074915712256284,0.0930437793942267,
S026,-0.006784130990184634,-0.058167363783584634,-0.06495149477376931,-0.0015387026213441665,-0.0581072930310818,-0.059645995652425975,-0.005708942906718866,-0.03946635238141147,-0.045175295288130336,-0.0010035017095722668,-0.05184484626007887,-0.05284834796965116,-0.004404931590291233,-0.05995266820519333,-0.06435759979548462,0.007626612992749234,-0.06961411263417727,-0.06198749964142797,-0.0019749818430626668,-0.0456912400772237,-0.047666221920286335,0.0011373019375152664,-0.0561933536682254,-0.055056051730710175,0.008681560218739634,-0.1073866083311204,-0.09870504811238073,0.0059451202334288335,-0.1115352484872779,-0.10559012825384906,0.9202785667782132,0.882290299567526,0.1031572336762079,0.1145709892230152,
S027,0.0008392286241246336,-0.014832076259034465,-0.013992847634909869,0.007827313334663733,-0.0551785160716723,-0.047351202737008526,0.012272784076583465,-0.01834258332988273,-0.006069799253299199,-0.0018732031912016,-0.048656312563409236,-0.050529515754610795,-0.0126470607803942,-0.0117733330247065,-0.024420393805100703,0.0071583121949489,-0.05986152404967626,-0.05270321185472737,0.0009940419559516668,-0.012835215655629234,-0.011841173699677568,-0.005352009117718767,-0.044709205839091604,-0.0500612149568104,0.028208640830375536,0.04519521570426136,0.07340385653463694,-0.04132713794179983,0.10825647745865713,0.06692933951685727,0.9076722401452836,0.8404899178309734,0.0962222935971351,0.1066247037157443,
S028,0.013923093312444165,-0.05193499568033736,-0.03801190236789317,-0.0034788059265172,-0.05842959833204253,-0.061908404258559736,0.0056271666166561665,-0.0082898404198038,-0.0026626738031475666,0.005151308775804333,-0.05468734231460417,-0.04953603353879984,0.0014772510512394996,-0.044316260665564496,-0.042839009614325,0.002207703761059,-0.0629788060821035,-0.0607711023210445,0.0010081906906586329,-0.006411586916083866,-0.0054033962254252,-0.009366015956007867,-0.049134632854970904,-0.058500648810978835,0.03099684350738714,0.03339506732465403,0.06439191083204114,0.11832308503653034,0.04140650086413734,0.15972958590066777,0.8948043148653458,0.8164776470218913,0.0999787194732995,0.1080694828988844,
S029,-0.03266452210869803,-0.0362306291487342,-0.0688951512574323,-0.010302617551608667,-0.0556703480253502,-0.0659729655769589,-0.003000412007339267,-0.0600587777505659,-0.0630591897579052,-0.0024753042169449,-0.051471127097092235,-0.05394643131403717,-0.028489779526572667,-0.0321399374401354,-0.06062971696670814,-0.001137301937515233,-0.06276176010632763,-0.06389906204384284,-0.0047068428759282,-0.05713292821150343,-0.06183977108743166,0.0008028013676578336,-0.051939427894892636,-0.05113662652723477,-0.0023620421379477335,-0.07997179017327206,-0.08233383231121984,-0.0020507677061897002,-0.083146955058654,-0.08519772276484376,0.9057104867990198,0.8401932524696962,0.0981005065352173,0.1096587400003386,
S030,-0.006918859019926,-0.0540975051789676,-0.06101636419889367,0.009165315614093466,-0.04381162165131391,-0.034646306037220465,0.0008155706974402895,-0.05672000665840273,-0.05590443596096243,-0.004348507408146501,-0.06481582583722724,-0.06916433324537376,-0.011893332299562633,-0.05735370321555377,-0.06924703551511636,0.0008028013676577668,-0.040934916750540035,-0.04013211538288227,0.0031239145124649665,-0.059323338940912,-0.05619942442844697,0.008094913790549666,-0.0686960324475734,-0.06060111865702367,-0.0031423417236687997,-0.09844661442756843,-0.10158895615123731,0.011901835153871568,-0.09896568664485104,-0.08706385149097946,0.9207979425322448,0.8749316381481332,0.1157268125695273,0.0876980964166081,
S031,0.004524737062690534,-0.02990210654448497,-0.025377369481794403,0.0010704018235437335,-0.043882215118946466,-0.042811813295402706,-0.0055595067561243,0.0137669351334423,0.008207428377318067,-0.0018063030772301001,-0.058633790842311996,-0.0604400939195421,-0.003124492728575233,-0.02501940517291873,-0.028143897901493967,-0.0074259126508348,-0.05398413232864072,-0.061410044979475574,-0.0012047250378459003,0.0061102168098793,0.0049054917720333996,0.004616107864032467,-0.06251399745265816,-0.05789788958862566,-0.08591380219973548,0.29592973396240624,0.21001593176267078,-0.11743915553844837,0.33434859039109793,0.2169094348526496,0.8880639249596342,0.7832451584735483,0.1035906674311499,0.0968002052703911,
S032,0.012867072896660224,-0.0195294859792835,-0.006662413082623266,-0.0056865096875762,-0.0737662712506802,-0.07945278093825643,-0.0049124644267467665,-0.0087280254815596,-0.01364048990830643,-0.004616107864032433,-0.06067151093935013,-0.06528761880338256,0.010856434240327333,-0.018634834895141932,-0.007778400654814534,0.0062886107133195675,-0.06680865939764576,-0.060520048684326165,-0.0005112236087164001,-0.01361690202380377,-0.0141281256325202,-0.0011373019375152,-0.0571258048988614,-0.05826310683637664,0.6487559935270677,0.11875882411973067,0.7675148176467984,0.811468776851322,0.08863181611270789,0.90010059296403,0.900912126089329,0.8725261790593748,0.1112479971017928,0.1200611501189478,
S033,-0.05164743452482057,-0.0798545085628896,-0.13150194308771024,-0.011707519945009834,-0.06312981132582383,-0.07483733127083372,-0.022184761000730965,-0.04091748940386987,-0.06310225040460084,0.0005352009117719001,-0.054127293853735194,-0.0535920929419633,-0.036690714078884905,-0.09134808486767028,-0.1280387989465552,0.0004683007978003989,-0.0642002131493676,-0.06373191235156721,-0.019617021199492032,-0.046497082222401336,-0.06611410342189344,-0.0015387026213441667,-0.054930095221393,-0.0564687978427372,0.035442498682025765,0.0039049784123146333,0.03934747709434044,0.03315768739486386,-0.0040396761589134335,0.02911801123595037,0.8625292265373264,0.7839892386834619,0.104168579104406,0.1164492021610974,
S034,-0.022722326571378067,-0.06729887850494927,-0.09002120507632733,0.009566716297922299,-0.05474857448508524,-0.04518185818716283,-0.0020519340609816334,-0.05374287884294607,-0.0557948129039277,-0.0008697014816293,-0.05694342478063777,-0.05781312626226707,-0.0433040324538878,-0.07340305395975004,-0.11670708641363793,-0.0131793224523825,-0.0419037526025601,-0.055083075054942636,-0.0018435915284539335,-0.05504455977550337,-0.056888151303957336,0.004482307636089499,-0.056876524666666296,-0.05239421703057676,-0.009550422506251233,-0.13275396664426567,-0.14230438915051694,-0.0049359241896819,-0.14008501756912534,-0.1450209417588073,0.9268429209498203,0.7732167695140943,0.0988228961267874,0.1017124544930677,
S035,0.0034442394875520334,-0.007592651919669434,-0.004148412432117401,-0.007760413220692266,-0.0543380136894109,-0.0620984269101032,0.0029878783370868,-0.00041927521575087944,0.0025686031213359,0.00026760045588593355,-0.0523358188318409,-0.05206821837595497,-0.0028479361063631,-0.015273897257255364,-0.018121833363618504,0.0070914120809774,-0.0728024451455408,-0.06571103306456337,0.0009227196483711,-0.0044250444360203,-0.003502324787649234,-0.004749908091975466,-0.04230080173611813,-0.04705070982809357,-0.03197301867441247,0.05972897730662504,0.027755958632212533,-0.007805325972670501,0.04592249043494803,0.0381171644622775,0.9480300847990856,0.8657135423985517,0.0962222935971351,0.1079250049805704,
S036,-0.018831346951391003,-0.0045642114840807,-0.023395558435471767,-0.009767416639836832,-0.05061645485610483,-0.060383871495941675,0.009279749888463066,-0.0266071171744342,-0.017327367285971066,-0.0010035017095722666,-0.0641339712320059,-0.06513747294157819,-0.0019691718283376338,-0.010666209325587166,-0.012635381153924735,-0.007827313334663733,-0.04914465234873213,-0.056971965683395936,-0.0028295273370770673,-0.0249538684674798,-0.0277833958045569,-0.0008697014816292994,-0.059785463823859374,-0.060655165305488666,0.006319736034258232,-0.011700383122814234,-0.005380647088556001,-0.047727210973594565,0.012502549135732467,-0.03522466183786213,0.8671503498042876,0.8652321724221138,0.112837254203247,0.1037351453494639,
S037,0.0031408445470945665,-0.06999044536496733,-0.06684960081787272,-0.01565462666932743,-0.053422968659858294,-0.06907759532918584,-0.0035413411039132334,-0.050050105307032834,-0.0535914464109461,-0.0062886107133196005,-0.050161665720420696,-0.05645027643374027,0.001415526282484367,-0.07052172563109686,-0.06910619934861247,0.011707519945009867,-0.07744010957562143,-0.06573258963061156,-0.0038887115663956665,-0.049836314919251605,-0.0537250264856473,0.0024084041029734334,-0.0551122741543106,-0.052703870051337136,0.0007908530207558001,-0.11604894892214938,-0.11525809590139356,0.00013132885411623317,-0.11723700561765775,-0.11710567676354154,0.9243328700508436,0.8931766408969976,0.1030127557578939,0.121794885138716,
S038,0.005334659440248034,-0.0370180796405212,-0.031683420200273135,0.0127110216545821,-0.046632104128487305,-0.03392108247390513,0.005160352042350167,-0.009919149410965,-0.0047587973686148664,-0.006756911511119933,-0.04354270480220843,-0.0502996163133284,-0.009166540580347467,-0.021527181874820233,-0.030693722455167702,-0.0008697014816293336,-0.03592808589304974,-0.036797787374679,0.004723967951152566,-0.0075861379890096664,-0.0028621700378571,-0.0041478070662320675,-0.04394410548603733,-0.04809191255226939,-0.02454201879643717,-0.05234874019152284,-0.07689075898795997,-0.024842045858278965,-0.0569149171930572,-0.08175696305133621,0.9091989732957324,0.858608448323451,0.0949219923323089,0.0878425743349221,
S039,-0.0005141702261048665,-0.03802955426179717,-0.03854372448790206,-0.000802801367657833,-0.0664377742064043,-0.06724057557406214,-0.006358702735806333,-0.005828053880093734,-0.012186756615900135,-0.0008028013676578003,-0.05420052010780683,-0.05500332147546466,-0.007849932371718266,-0.030088405415338332,-0.037938337787056665,-0.0056865096875762,-0.06396246998945937,-0.06964897967703557,8.41050125187332e-05,-0.008712085365733735,-0.008627980353215001,-3.332114676772117e-17,-0.05032031349746071,-0.05032031349746074,-0.0861610724358743,0.0778113289107404,-0.008349743525133967,-0.03841212798209697,-0.006277836396500702,-0.0446899643785977,0.8994126909645759,0.8338213501336866,0.0988228961267874,0.1141375554680731,
S040,-0.0005342231098390002,-0.0173332489689068,-0.0178674720787458,-0.018063030772300898,-0.0538975955977589,-0.07196062637005986,-0.0007428306976210667,-0.012358511098194998,-0.013101341795816068,-0.007225212308920367,-0.051039869117285606,-0.058265081426206004,0.005937467723472399,-0.0187290810603313,-0.0127916133368589,0.0008028013676578665,-0.07410143001714736,-0.07329862864948956,0.0026854610805751335,-0.015086350975051933,-0.012400889894476767,0.0032781055846027667,-0.057328479830605204,-0.05405037424600243,-0.0176469236088055,-0.036558915459607,-0.054205839068412455,-0.0172129710645732,-0.04848250154819147,-0.06569547261276469,0.9173248569692084,0.8768352899826641,0.1004121532282416,0.1164492021610974,
S041,0.002516316938453333,-0.059882370075800904,-0.05736605313734753,-0.0006690011397148332,-0.05470151217333019,-0.05537051331304504,-0.00013880063562313332,-0.059093304624892436,-0.05923210526051561,-0.0036126061544601664,-0.05582332785889987,-0.05943593401336003,0.007776956043784634,-0.06440178896321737,-0.056624832919432766,-0.003947106724317633,-0.03978278675768904,-0.04372989348200667,-0.004772733742456934,-0.059275268886182834,-0.06404800262863984,-0.0074928127648063335,-0.055756427744928366,-0.0632492405097347,0.0138058605111084,-0.12129929455545851,-0.10749343404435008,0.0194008856034445,-0.12292373188439017,-0.10352284628094556,0.9094317373378444,0.8844085435116794,0.1072026153890003,0.095644381923879,
S042,-0.0007250035347291002,-0.11721182257900113,-0.1179368261137303,0.0018063030772301006,-0.07033366825400213,-0.06852736517677203,0.003602336095332668,-0.20094254378122808,-0.19734020768589536,-0.0056865096875762,-0.03832667168756804,-0.04401318137514427,-0.038784294099291565,-0.0840902995607846,-0.12287459366007614,-0.006154810485376634,-0.0609676522979942,-0.06712246278337088,-0.0341354605273718,-0.18636301197773575,-0.22049847250510757,0.0020739035331160324,-0.046689185934003674,-0.044615282400887635,0.00026764761899426663,-0.1281295261992167,-0.12786187858022244,-0.0014000967875185666,-0.12028772268341203,-0.12168781947093056,0.7168399071920448,0.7221625860017409,0.0976670727802753,0.1161602463244694,
S043,-0.009461806909775433,-0.017477186910663533,-0.026938993820438965,-0.00046830079780036646,-0.0690669176388148,-0.0695352184366152,-0.00012163810961296657,-0.010068038509699567,-0.0101896766193125,0.003947106724317567,-0.05040355924529367,-0.046456452520976056,0.0016099373289356,-0.020357357506634,-0.018747420177698402,-0.0038133064963746335,-0.07441892675653364,-0.07823223325290823,-0.00038991085942193334,-0.011616045310365468,-0.0120059561697874,0.0003345005698573999,-0.043646647734173705,-0.04331214716431623,0.0318598024664204,-0.025776747584323263,0.006083054882097101,0.076950058170676,-0.06633446510691733,0.010615593063758666,0.8907647839388569,0.8610332427776174,0.0972336390253332,0.121650407220402,
S044,0.003722034021552368,0.0074149486713491,0.011136982692901498,0.010235717437637166,-0.05152365616703156,-0.04128793872939433,-0.0013878133392769664,-0.006686204390011799,-0.008074017729288833,-0.0127110216545821,-0.048821487665855534,-0.06153250932043774,-0.004288238116884333,0.012968717751050601,0.008680479634166334,-0.013246222566354,-0.0293128183284985,-0.0425590408948526,-0.004124803608726367,-0.0039844105727268,-0.008109214181453167,-0.0014049023934011998,-0.05316999507400207,-0.054574897467403266,0.05184509984708566,-0.0942236667552861,-0.0423785669082004,0.05006946354425413,-0.076776319791459,-0.026706856247204928,0.889817114206302,0.836034639314002,0.1002676753099275,0.0888539197631202,
S045,0.0068042611171778185,-0.016706187616545732,-0.009901926499367867,0.009432916069979399,-0.08764116115570642,-0.07820824508572703,-0.003947331166015834,-0.016266344375536496,-0.020213675541552335,-0.0018063030772301001,-0.04549131002261713,-0.0472976130998472,-0.0003416351755704666,-0.019408458512979867,-0.019750093688550335,-0.0030105051287168,-0.08135255044238683,-0.08436305557110363,0.0019408193529993,-0.0181905697689346,-0.0162497504159353,-0.005753409801547634,-0.036727395092352566,-0.0424808048939003,0.027915295786702,0.029295672095792594,0.05721096788249457,-0.009918632877983266,0.04455366128440613,0.03463502840642283,0.8948811124548837,0.8508967683153013,0.0923213898026566,0.1358092432151756,
S046,0.015645044853118167,-0.036428955660856265,-0.020783910807738,0.006154810485376599,-0.05370302021063853,-0.047548209725261865,0.005958134522655732,-0.014923716959233868,-0.0089655824365781,0.0026091044448879,-0.0544354292959699,-0.051826324851082,0.018101866636788134,-0.029392211719398,-0.011290345082609869,-0.0004683007978004006,-0.055910723971697496,-0.0563790247694979,0.012200193360877,-0.01569882482439317,-0.0034986314635161667,0.00020070034191443353,-0.05316432713051167,-0.05296362678859723,3.467377920153377,-0.11305063817710324,3.3543272819762744,1.3188921827577733,-0.13010436837063993,1.1887878143871333,0.9048223488890312,0.8470244113263414,0.1020014103296958,0.0975225948619612,
S047,0.005582921652174367,-0.03984062678428607,-0.0342577051321117,0.0172602294046431,-0.07908690549389563,-0.0618266760892525,0.002077802370669667,-0.054247451830157195,-0.05216964945948754,-0.005352009117718767,-0.054322326252159235,-0.05967433536987799,-0.0072735738629819665,-0.02851367313038437,-0.035787246993366335,-0.0032781055846027667,-0.07172789295703226,-0.07500599854163507,-0.0028459093165973336,-0.05256179920214487,-0.05540770851874224,-0.0024084041029734664,-0.0590722343441347,-0.06148063844710813,0.003928889567461001,-0.11499476725692574,-0.11106587768946474,0.004868142774862333,-0.11602537591428437,-0.11115723313942204,0.9098945515336346,0.8798241866883123,0.1059023141241742,0.1160157684061554,
S048,-0.023035041733900138,-0.03650113657764017,-0.059536178311540365,0.0062217105993481,-0.07784434423119557,-0.07162263363184747,0.004088712777138066,-0.020277104500607965,-0.016188391723469968,-0.0028767049007738694,-0.05016014814189503,-0.05303685304266886,-0.003732424494907266,-0.044706219615493,-0.04843864411040027,0.009432916069979399,-0.08038654856211201,-0.07095363249213256,0.004020458141526533,-0.026719064094660766,-0.02269860595313423,-0.0013380022794297333,-0.047283443241121166,-0.04862144552055084,0.14846047238319152,0.12415001221731019,0.2726104846005017,0.1869656895456294,0.0879882902608588,0.27495397980648817,0.8787580762627595,0.7734190505500524,0.0966557273520771,0.1209280176288319,
S049,-0.003910954739880667,-0.021795299308752302,-0.025706254048633068,-0.011105418919266535,-0.03616451265973843,-0.047269931579004935,-0.0017956132526353666,-0.022837927243935865,-0.024633540496571266,-0.0048837083199183675,-0.0482379080491091,-0.053121616369027465,0.0010722793044333002,-0.02741265730089917,-0.026340377996465898,-0.0044823076360895,-0.045396728387803335,-0.04987903602389284,-0.005676474893649801,-0.015727608105991265,-0.021404082999641066,-0.001739402963258633,-0.04857240861896653,-0.05031181158222517,0.05519432218694977,-0.14331387078866223,-0.08811954860171244,0.008747553551739734,-0.13368738267123303,-0.12493982911949326,0.8647245439763811,0.8622875501963132,0.1014234986564397,0.0973781169436472,
S050,-0.00209515089206568,-0.012542480205582332,-0.014637631097648067,-0.0097005165258653,-0.0441341281375807,-0.05383464466344606,-0.0018630798373793997,-0.011549454590528167,-0.0134125344279076,-0.0074259126508348,-0.0532120476388765,-0.060637960289711336,0.0014720344148569332,-0.016208584785183364,-0.0147365503703264,0.01752782986052903,-0.050957939762672176,-0.0334301099021431,-0.002446993158483867,-0.012358188919398867,-0.014805182077882733,-0.011105418919266433,-0.050669843307960066,-0.06177526222722657,0.06174495208449407,0.0018538221579247,0.06359877424241878,0.046905847762909327,-0.007348501248842467,0.039557346514066866,0.9202661623732602,0.8934215569506594,0.104457534941034,0.0947775144139949,
S051,0.0038490286673492336,-0.05066230251619406,-0.04681327384884484,-0.0096336164118938,-0.05375332711474417,-0.063386943526638,-0.00021460279337870005,-0.028023094167055798,-0.02823769696043457,0.0084963144743786,-0.065418932112344,-0.05692261763796539,0.0017143739574660335,-0.05077609308640219,-0.049061719128936136,0.0024084041029733996,-0.0640559446663529,-0.061647540563379434,0.00011219847666236664,-0.028853675780092698,-0.02874147730343027,0.0026091044448878996,-0.05879582082916696,-0.05618671638427907,0.011268470598118,-0.060564959047759465,-0.0492964884496414,0.0017075671061982003,-0.06043489907953403,-0.05872733197333583,0.9674868103286888,0.935884662183198,0.1062280016349499,0.1051995147588162,
S052,-0.008218192808151099,-0.028916763281715368,-0.03713495608986644,0.006756911511119967,-0.053482482066507665,-0.046725570555387674,-0.0025594905045315665,-0.0445944690790941,-0.047153959583625636,-0.004683007978003933,-0.04717818391593637,-0.05186119189394026,0.005086095544956101,-0.043911363903543076,-0.038825268358586934,-0.003545706040488733,-0.05247898035693533,-0.05602468639742406,-0.002047951767982267,-0.0436651994757708,-0.04571315124375306,0.008429414360407067,-0.060023005798461475,-0.05159359143805433,-0.015327993695680766,0.08923319539233504,0.07390520169665431,0.031199660498747034,0.039240645045415905,0.0704403055441629,0.8568961355088903,0.8140095776150421,0.1015679765747537,0.1035906674311499,
S053,-0.0027654736122964666,-0.007761318506630266,-0.0105267921189267,0.005017508547861367,-0.055791952984396466,-0.05077444443653507,0.006714235056318868,-0.010332582878902166,-0.0036183478225833335,-0.0024084041029734664,-0.0647232187922428,-0.06713162289521624,0.0007932471880445999,-0.004298116426512066,-0.0035048692384675,-0.0086301147023216,-0.04622523668647413,-0.05485535138879571,0.0059648805764776665,-0.008535261483483934,-0.0025703809070063,0.0004683007978004,-0.06004021081423883,-0.059571910016438405,0.07911922692829607,-0.022691921964240566,0.056427304964055534,0.0015731029585542334,-0.03256884405264437,-0.0309957410940901,0.9027682641686002,0.8656666542926998,0.1099476958369667,0.1031572336762079,
S054,-0.011551740700194867,-0.0015045379528379667,-0.013056278653032766,0.0036795062684317,-0.05718683588403637,-0.0535073296156047,0.003929552031413767,-0.007848717953850934,-0.003919165922437167,0.0031443053566597664,-0.04351132992770507,-0.04036702457104527,-0.0072417191522226995,-0.011407322366272765,-0.018649041518495436,0.004415407522118,-0.04935952254937263,-0.0449441150272546,-0.0018377059089357995,-0.012835382352996865,-0.014673088261932666,-0.0014718025073726666,-0.05046894178073954,-0.05194074428811216,0.014973190606957234,-0.21427560093959994,-0.1993024103326427,0.07497824052649332,-0.19988140405949253,-0.1249031635329993,0.891321000324512,0.826828507735321,0.0908766106195165,0.0994008078000434,
S055,0.0005911075213113586,-0.060680580600942134,-0.06008947307963077,-0.0252882430812213,-0.04066969325509564,-0.06595793633631697,0.002258038779518133,-0.0334576077463944,-0.031199568966876267,0.005017508547861365,-0.05306888611378203,-0.04805137756592067,0.009534161023972133,-0.060436376685214004,-0.05090221566124183,0.005887210029490699,-0.05391591582144967,-0.048028705791959,0.0007069103268568334,-0.03381773554080363,-0.03311082521394677,-0.012911721996496567,-0.0389529620657987,-0.051864684062295295,0.0052933646821007,-0.15424318030773077,-0.14894981562563,0.0071641735393966665,-0.1516188874857268,-0.14445471394633008,0.9583027568529052,0.8785354604890123,0.0970891611070192,0.104024101186092,
S056,-0.027455832203442134,-0.0125946376802196,-0.04005046988366177,0.0024084041029734673,-0.07186103498836544,-0.069452630885392,-0.0026911575491356666,-0.0192154551979337,-0.021906612747069367,0.0019401033051730666,-0.05152233977381202,-0.04958223646863896,-0.015535403986411234,-0.026129225415406337,-0.041664629401817636,0.012042020514867233,-0.08156155151423077,-0.06951953099936353,0.0047384813410919335,-0.025853129189188334,-0.0211146478480964,0.008094913790549699,-0.052994142281184674,-0.044899228490635,-0.04766566627863896,0.09404895481511377,0.046383288536474804,-0.05755375054793513,0.09210349444628467,0.0345497438983495,0.8879758994746213,0.7915659247178153,0.0960778156788211,0.1196277163640058,
S057,0.004223385340689267,-0.0482303656002789,-0.04400698025958966,-0.005151308775804334,-0.028235230982938703,-0.033386539758743096,0.009031681848804034,-0.014396120404991768,-0.005364438556187699,0.0004683007978003667,-0.06564281655737238,-0.06517451575957196,0.0026470773943483,-0.04921914961737326,-0.04657207222302497,-0.002408404102973433,-0.029038032350596533,-0.03144643645356997,0.0048183383465377665,-0.01617441033393707,-0.011356071987399234,-0.007091412080977399,-0.06484001518971454,-0.07193142727069197,0.20396977869092625,-0.03435771464305997,0.16961206404786625,0.39476110159745276,-0.047375582155952105,0.34738551944150053,0.8958376341670594,0.8275581721231264,0.1151489008962713,0.0842306263770717,
S058,-0.0124915727677128,-0.0024352621643005997,-0.014926834932013367,0.0084294143604071,-0.05908159564128616,-0.05065218128087906,0.0010461521298077002,-0.0144664287553107,-0.013420276625503033,0.0002676004558859,-0.057038865797367395,-0.05677126534148147,-0.0013605336471099333,-0.008974970493302,-0.010335504140411834,-0.002609104444887933,-0.053863386751510305,-0.05647249119639824,-0.0007215136595144335,-0.01628581975775543,-0.017007333417269933,-0.004749908091975433,-0.052957958845106824,-0.057707866937082235,0.027923738349416166,-0.0022712453391925,0.025652493010223664,0.009989542999925301,0.0013197344616320335,0.011309277461557299,0.9087244017428868,0.8861803353635314,0.1037351453494639,0.113270687958189,
S059,-0.007972633169314033,-0.006994370609940434,-0.014967003779254534,-0.005619609573604733,-0.07145897610792676,-0.07707858568153153,-0.002001574557511666,-0.025916261404314165,-0.02791783596182587,0.0146511249597552,-0.0537614184093744,-0.039110293449619166,0.0013818101502496999,-0.015272233194029467,-0.0138904230437797,-0.001806303077230071,-0.07687788533961706,-0.07868418841684717,0.0019918143932926,-0.028527365068177966,-0.026535550674885333,0.0018063030772300667,-0.05249031624391617,-0.05068401316668606,0.014346514114457032,0.054353422080318604,0.06869993619477566,-0.01618541832623197,0.053860416145623626,0.03767499781939163,0.8609731630147397,0.8734139317905527,0.1001231973916135,0.1232396643218562,
S060,6.9977682615332175e-06,-0.061694142272268056,-0.06168714450400653,-0.0011373019375152,-0.04644511663399523,-0.0475824185715105,-0.0021079157878292005,-0.024449262735117768,-0.026557178522946968,-0.007693513106720733,-0.05462479375090353,-0.06231830685762433,-0.011675331712765802,-0.06149478023229624,-0.07317011194506207,-0.004749908091975434,-0.05179712575171403,-0.056547033843689504,-0.003927558080070267,-0.023624113373487965,-0.027551671453558232,6.690011397146647e-05,-0.05589589591636174,-0.055828995802390265,0.059429133723874594,0.045620878671293906,0.10505001239516847,-0.008355119025740635,0.13436610405054503,0.1260109850248044,0.8735992531739039,0.7956271505513602,0.1054688803692322,0.1007011090648696,
S061,-0.0028086288135653003,-0.012854068134036467,-0.0156626969476017,-0.013045522224439563,-0.021093264421851266,-0.034138786646290796,-0.002933150554682233,-0.016732108949039103,-0.0196652595037213,-0.0030105051287168338,-0.05527527348162146,-0.0582857786103383,0.0052179789584104,-0.012280992652064998,-0.0070630136936546,0.003746406382403133,-0.03654719074926433,-0.03280078436686113,-0.0014383030580729667,-0.018375600001443032,-0.01981390305951593,0.003278105584602733,-0.055342173595592965,-0.052064068010990165,0.3890662456329217,0.10826672515481155,0.49733297078773325,0.1036057519816183,0.03316327504914613,0.13676902703076455,0.8808475319258928,0.8336323606456646,0.10431305702272,0.0826413692756175,
S062,-0.0281361889333883,-0.0005494949365532133,-0.0286856838699415,6.69001139715e-05,-0.06252401694641936,-0.062457116832447944,0.0005492235181405334,-0.0036528254207937997,-0.003103601902653233,0.0078273133346637,-0.05658756883003824,-0.048760255495374494,-0.0007813752161765663,-0.01589783048678,-0.0166792057029566,0.0009366015956007658,-0.06259091706039087,-0.061654315464790076,0.0020497009680385714,-0.0046712934552767,-0.0026215924872381477,0.0023415039890019996,-0.053242563131464,-0.050901059142462034,0.02662383562616533,0.04678012118570443,0.0734039568118698,0.0431361602997056,0.03894211269408351,0.0820782729937891,0.9461226948897092,0.8666131959732541,0.0985339402901594,0.1073470933073144,
S063,0.010056760947847966,-0.014590302222088734,-0.004533541274240767,-0.002742904672830901,-0.05389673621584299,-0.0566396408886739,0.0009771507027704195,-0.006835204389852234,-0.005858053687081734,-0.0078273133346637,-0.060109286703345734,-0.0679366000380095,0.0029876986598237,-0.010017838612416832,-0.007030139952593134,0.0004683007978004,-0.055769939407044604,-0.05530163860924423,0.0006972789359841669,-0.0072426517522234,-0.006545372816239167,0.0008697014816293,-0.06499299502326417,-0.06412329354163487,0.007485929240898734,0.005612800556618933,0.013098729797517633,-0.004076221035828967,-0.0005824319426673,-0.0046586529784963,0.929436295215204,0.89835430814301,0.112692776284933,0.1064802257974302,
S064,0.004395741660599933,-0.06657066186575253,-0.06217492020515256,-0.001003501709572267,-0.056357669388755804,-0.057361171098328105,0.0031214896523212333,-0.04737239811470036,-0.04425090846237909,-0.005954110143462167,-0.049795790276059904,-0.055749900419522026,0.008130306984337867,-0.06860022665717123,-0.06046991967283336,0.008697014816293001,-0.046724052976861996,-0.038027038160568905,0.005256870804958034,-0.0484238677061124,-0.04316699690115433,0.004080906952260634,-0.05033099118783177,-0.046250084235571164,0.016303461705666267,-0.2362193671652725,-0.21991590545960618,-0.0033405028974733326,-0.23345350263839482,-0.23679400553586819,0.9307435931848266,0.8699500623612467,0.0989673740451014,0.0972336390253332,
S065,0.0118521802191842,-0.051113346710566394,-0.03926116649138217,-0.001538702621344133,-0.03720703177713377,-0.0387457343984779,-0.0005117437376061665,-0.0215610712163502,-0.022072814953956434,0.006556211169205466,-0.0595788943531484,-0.05302268318394287,0.0100741581402721,-0.05707017917955864,-0.0469960210392865,0.016256727695070798,-0.0534637594722046,-0.03720703177713377,-0.0011377420722876667,-0.0199815796264465,-0.021119321698734234,-0.009165315614093434,-0.046800972584594765,-0.05596628819868821,0.0030042743618344963,-0.0061919510884157645,-0.0031876767265812994,-0.019345568813886067,0.010410255313270366,-0.008935313500615667,0.899184771523467,0.8014546793203813,0.1009900649014976,0.0888539197631202,
S066,-0.001735620604098067,-0.006911620859724366,-0.008647241463822467,-0.0014049023934011664,-0.05274222926255046,-0.054147131655951634,0.011546870883434666,-0.0014448854358959,0.010101985447538766,-0.0006021010257433668,-0.0524120802429639,-0.05301418126870724,0.002138350927853633,-0.012371071514814735,-0.0102327205869611,-0.006021010257433666,-0.04518251638377263,-0.0512035266412063,0.007303895018063634,0.0014975875949322336,0.008801482612995867,0.005084408661832866,-0.057095088220967836,-0.052010679559134965,0.010278417742728469,-0.06837582096402683,-0.05809740322129837,-0.0015092364668668663,-0.08934525388670546,-0.09085449035357236,0.9276202550714676,0.8776718985428663,0.1035906674311499,0.0981005065352173,
S067,0.006891880328465767,-0.0023289055667692665,0.0045629747616965,-0.00026760045588593295,-0.0592851299549458,-0.05955273041083173,0.0097995394430324,0.0015400369000184999,0.011339576343050934,0.006288610713319533,-0.0576274551609945,-0.051338844447674926,0.0008460030003405666,0.0020366819543593,0.002882684954699833,-0.0039471067243176,-0.05620772471225751,-0.06015483143657513,0.008346781207147866,0.0043415576564917666,0.012688338863639632,-0.0053520091177187345,-0.05207474570136127,-0.05742675481908007,0.003494026237757983,-0.002816807707692067,0.0006772185300659262,0.0028462031565370666,-0.002078586006216967,0.0007676171503201667,0.9769831340222128,0.96315236109446,0.104457534941034,0.1124038204483049,
S068,0.0013259341703122669,-0.0262435851482565,-0.0249176509779442,0.00033450056985743354,-0.04072571449338997,-0.040391213923532565,0.002639900910134633,-0.017872357879226464,-0.015232456969091765,-0.0077604132206922334,-0.04345161533574963,-0.051212028556441906,-0.0090575918687944,-0.016725870466324264,-0.025783462335118763,0.0101019172096942,-0.044873521559622064,-0.03477160434992783,-0.002888013903668267,-0.0181171653732545,-0.021005179276922803,-0.0117744200589813,-0.03937070838348907,-0.05114512844247043,0.04951246781227606,0.015130118684276467,0.06464258649655256,0.0097303945603419,0.04610195832454874,0.05583235288489067,0.8955876232132111,0.8514653048832336,0.095499904005565,0.0902986989462604,
S069,-0.0008525886610927337,-0.0262516271940131,-0.027104215855105866,0.007559712878777733,-0.046608960397866106,-0.03904924751908826,1.92772182615e-05,-0.0003438014442553668,-0.0003245242259938337,-0.010369517665580133,-0.05373893287536293,-0.06410845054094312,0.005067863704562,-0.025478942907988664,-0.020411079203426667,0.009299115842036434,-0.05604187646784547,-0.046742760625809066,0.00027503287719336664,-0.0045666177096481,-0.0042915848324547,0.009366015956007867,-0.059090941993081764,-0.04972492603707384,0.019409247278775067,0.040448928663909735,0.05985817594268483,0.0432509827433889,0.048575180990241766,0.09182616373363073,0.9238876052800398,0.8687167767956139,0.1057872215451783,0.0971185464463373,
S070,0.007962417473231,-0.025085527524026697,-0.017123110050795667,-0.016189827581099332,-0.0461812095317704,-0.062371037112869766,-0.0020950336335149003,-0.0007831616556105665,-0.0028781952891253665,-0.004482307636089433,-0.059473635027963566,-0.06395594266405306,0.0038694554872164663,-0.028037180978464065,-0.0241677254912476,-0.0010704018235437333,-0.0643780405320143,-0.06544844235555806,-0.0028554280199928335,0.0011229991830428998,-0.0017324288369498667,-0.004883708319918367,-0.06054403685150733,-0.06542774517142576,0.011699023078777368,-0.16350743428116335,-0.151808411202386,-0.024578590358712932,-0.0915274286574755,-0.11610601901618844,0.8970509495262278,0.8480185982679634,0.1059023141241742,0.1098032179186526,
S071,-0.008257374399640733,-0.005074116534029167,-0.013331490933669832,0.0006690011397148665,-0.06670319888715487,-0.06603419774744,-0.004995196006065467,-0.0006302990877384666,-0.005625495093803866,-0.0034119058125456994,-0.0421412945771622,-0.04555320038970793,-0.0055757665140133,-0.003448631115030566,-0.0090243976290439,-0.0036795062684317,-0.06028078794589228,-0.06396029421432396,-0.0011672803632919997,-0.0016335965779832,-0.0028008769412751996,0.010704018235437566,-0.04903200631622517,-0.03832798808078757,-0.0709272229365868,0.06533596142233046,-0.0055912615142563364,-0.0503822047137249,0.025047756193948365,-0.025334448519776565,0.901686197676884,0.8658202860701055,0.0904431768645744,0.1113924750201068,
S072,-0.027424225740680697,-0.06253781928588777,-0.08996204502656846,0.0010704018235437333,-0.0530632181702916,-0.05199281634674787,0.0005440940654690666,-0.0335100867184348,-0.0329659926529657,0.012844821882525101,-0.0742644293444583,-0.061419607461933125,-0.03944325185988196,-0.08200027600311972,-0.12144352786300171,-0.003211205470631267,-0.05386601953794943,-0.0570772250085807,-7.51220434997e-05,-0.034192232782908595,-0.03426735482640823,-0.007292112422891799,-0.0634935109950492,-0.07078562341794106,0.0044736217742126,-0.073556404773071,-0.06908278299885834,0.004916527941300167,-0.0735492356885836,-0.06863270774728343,0.9575148820154644,0.8415226595403026,0.1177495034259236,0.0988228961267874,
S073,-0.0053567682202615334,-0.05693395819366693,-0.062290726413928466,0.004214707180203533,-0.052194174885272095,-0.047979467705068564,0.0005471577136766666,-0.04437327757822731,-0.04382611986455063,0.0024084041029734334,-0.05014597828316903,-0.047737574180195565,-0.002357617062367033,-0.05826633063941044,-0.06062394770177746,-0.0008028013676578,-0.04336335984103603,-0.04416616120869387,-0.005389359336727733,-0.043214108748286,-0.048603468085013764,0.010101917209694234,-0.06024789549286327,-0.050145978283168996,0.0013618925343386668,-0.11881105224609352,-0.11744915971175486,0.006369939657285634,-0.12194257398681695,-0.11557263432953126,0.9171699264468116,0.8676028348291572,0.1009900649014976,0.0952109481689369,
S074,-0.0033896347588810334,-0.056456771617572926,-0.059846406376454,0.004080906952260567,-0.07372006832084103,-0.06963916136858044,-0.003725760534304484,-0.078349392882197,-0.08207515341650147,0.0005352009117718664,-0.053867537116475066,-0.053332336204703235,-0.0024878063283334667,-0.0502180078715982,-0.05270581419993176,0.0018063030772301001,-0.07438906946055583,-0.07258276638332577,-0.009406463503676134,-0.0699828973533317,-0.0793893608570079,0.012242720856781734,-0.0592864463481654,-0.04704372549138364,-0.018664001353832966,-0.19950924418901095,-0.21817324554284398,-0.019991679710246898,-0.19678289284489092,-0.21677457255513788,0.854801168763408,0.8653691417638728,0.1051799245326041,0.1239620539134263,
S075,-0.0056308618805485655,-0.021371042755664104,-0.027001904636212732,0.00856321458835,-0.05180694406016917,-0.04324372947181913,0.0010355828188752002,-0.0305193954574632,-0.029483812638588,0.008563214588350033,-0.05379193390196187,-0.04522871931361177,-0.007949296238696535,-0.022219937598754735,-0.030169233837451303,-0.0071583121949489,-0.04177192696444643,-0.04893023915939534,-0.0021257342655425335,-0.023827750171635066,-0.025953484437177637,-0.007292112422891867,-0.04549631976949773,-0.0527884321923896,0.04852882177169224,0.1086609781976886,0.15718979996938087,-0.008006931287852329,0.2063682816853436,0.19836135039749134,0.8779383623988501,0.8135772521597553,0.0941996027407388,0.0908766106195164,
S076,-0.005860831364871699,-0.04527018889295547,-0.0511310202578272,0.00046830079780036706,-0.05739623932649257,-0.05692793852869219,-0.004964582595275034,-0.052794880545055,-0.05775946314033003,0.0028767049007738664,-0.0685110195429106,-0.06563431464213673,-0.007791782059746066,-0.043281594455160305,-0.05107337651490646,-0.004683007978003966,-0.06910375927150243,-0.07378676724950638,0.0009342948716038,-0.056382763209884106,-0.05544846833828033,-0.010570218007494567,-0.06416251213476408,-0.07473273014225869,0.00023845531444669985,-0.19511776655868554,-0.19487931124423877,0.010096184785347984,-0.19847787933852126,-0.1883816945531732,0.9008560668439638,0.8805670087148125,0.1177495034259236,0.1103811295919087,
S077,-0.010175936731626567,-0.0220522309775497,-0.032228167709176296,-0.0007359012536863006,-0.07293143681190922,-0.07366733806559557,0.008513062210210434,-0.011386034104960167,-0.0028729718947496327,0.001003501709572267,-0.04942141291646349,-0.048417911206891234,-0.007169541841878433,-0.02209818216888973,-0.0292677240107682,-0.0015387026213441663,-0.06844912917581973,-0.06998783179716388,-0.009035764908706735,-0.0037807176946286665,-0.012816482603335434,-0.001070401823543733,-0.049555213144406474,-0.05062561496795023,0.29734794204252557,0.1905625873946413,0.4879105294371669,-0.01289911122076054,0.1459093172464556,0.13301020602569505,0.8898541818372778,0.8370043267520743,0.0975225948619612,0.1196277163640058,
S078,0.005464317648652333,0.008372045704355067,0.0138363633530075,-0.007158312194948866,-0.0715494073777758,-0.07870771957272467,-0.0009200317842563,0.0008334109013531,-8.662088290323337e-05,0.0012042020514867002,-0.05387603903171073,-0.052671836980224006,-0.017208541143164866,0.032349637141935166,0.015141095998770365,-0.015922227125213434,-0.06064468880042373,-0.07656691592563716,0.0038285829233397663,-0.002238246298632726,0.0015903366247070332,-0.0022746038750304665,-0.0562175430207127,-0.0584921468957432,-0.013361024240976833,0.0379228119998185,0.02456178775884163,-0.008506151994598367,0.010908795278436967,0.0024026432838385996,0.9501142345861094,0.8773661024066232,0.1025793220029518,0.1262737006064505,
S079,0.0005835461621052333,0.0003192893525423332,0.0009028355146476335,-0.0010704018235437333,-0.05347529654449157,-0.0545456983680353,0.0004583044670658333,-0.0091713166116598,-0.008713012144593933,-0.0030774052426883,-0.0456216180822051,-0.0486990233248934,-0.0017144769379590999,-0.007850826570671066,-0.009565303508630099,0.0034788059265171666,-0.05394359734229196,-0.05046479141577473,0.0024651494644895,-0.0067669682217079,-0.004301818757218368,0.0034119058125457002,-0.044751916600575765,-0.041340010788030034,-0.0583496394321825,0.03171322024672353,-0.026636419185458934,-0.046117597957777735,0.0410432311532307,-0.005074366804547033,0.8825036004388918,0.8576722325007942,0.0968002052703911,0.0989673740451014,
S080,0.003856945457060033,-0.028821111678756464,-0.024964166221696404,0.010971618691323534,-0.068758581011274,-0.0577869623199504,0.0027384784151344,-0.018016728843892067,-0.0152782504287576,0.0032781055846028,-0.0546169500322777,-0.051338844447674926,-0.005641127188746233,-0.020429694385679435,-0.0260708215744257,-0.0038133064963746326,-0.059860865853066464,-0.0636741723494411,0.0016615573169578666,-0.014820575283801667,-0.013159017966843767,-0.001739402963258633,-0.05669085356539374,-0.0584302565286523,-0.03841247952635613,0.05574759867529943,0.017335119148943267,0.030475612277076236,-0.0161411117651089,0.014334500511967265,0.9114923071078688,0.8691693616403965,0.104457534941034,0.1102366516735947,
S081,-0.004057002278986167,-0.036085157836040736,-0.0401421601150269,-0.0077604132206922334,-0.048437950194413736,-0.056198363415106034,-0.0010313292686733335,-0.054163241538427366,-0.05519457080710077,0.003679506268431667,-0.04693892317750247,-0.04325941690907081,-0.012615924448762,-0.034399886666380636,-0.047015811115142664,0.0010035017095722,-0.0558638628452486,-0.0548603611356763,-0.0014609558111987001,-0.057348616803741266,-0.05880957261494,0.0047499080919754,-0.043861517934814166,-0.039111609842838735,0.012062702855842234,-0.2796703708561287,-0.26760766800028646,-0.0028998643003950663,-0.2744591778096462,-0.27735904211004136,0.8896345521216821,0.8617187596389267,0.0928993014759127,0.1050354466142901,
S082,0.00026375395440566646,-0.005914332861500701,-0.005650578907095034,0.0016725028492871,-0.04947480136831873,-0.04780229851903156,0.0005738183461865292,-0.008937719800901401,-0.0083639014547149,0.006422410941262567,-0.054230377403784565,-0.047807966462522,0.00021305319970816675,-0.0063453708643840005,-0.0061323176646758,0.0052182088897758,-0.05288670718086447,-0.0476684982910886,0.0058323018392285,-0.0132782586051932,-0.007445956765964701,0.008563214588350099,-0.05423037740378459,-0.0456671628154345,-0.011529748076194035,0.04612263959279047,0.03459289151659643,-0.01852653110504403,0.0457303731396026,0.0272038420345586,0.8979296323519257,0.865330059227501,0.0965112494337631,0.0982449844535313,
S083,-0.006255073355798567,-0.011324395384921101,-0.017579468740719667,0.014718025073726701,-0.04755888741563297,-0.03284086234190623,-0.0004039297997141334,-0.040251473654145,-0.04065540345385907,-0.008630114702321499,-0.0488299895810912,-0.05746010428341277,-0.0185326844547836,0.0031962091656630998,-0.015336475289120466,-0.004415407522118033,-0.04528428354060247,-0.049699691062720465,-0.004913725479194267,-0.0410421323086857,-0.045955857787880035,0.006756911511119967,-0.053579897673066625,-0.046822986161946634,0.022692101951073896,0.057386050332774934,0.0800781522838489,0.04152348296634243,0.03808747881573416,0.0796109617820766,0.854979552302266,0.8401216230053017,0.0976670727802753,0.0976670727802753,
S084,0.004421464782080167,-0.0140993837764652,-0.009677918994384999,0.0010035017095722995,-0.056404731700510906,-0.0554012299909386,-0.0024149307641185,-0.005803607047160966,-0.008218537811279533,0.0002676004558859338,-0.05563963134745661,-0.05537203089157067,-0.010493277534982868,-0.0054824141009162984,-0.015975691635899167,-0.007225212308920367,-0.05413012782548036,-0.06135534013440077,-0.004212009787085201,-0.0021978639344722665,-0.006409873721557434,0.0078942134486352,-0.06226274263063364,-0.054368529181998394,-0.0021890143014225657,-0.04313876742263397,-0.0453277817240565,0.010916393563695434,-0.0460250464154802,-0.035108652851784695,0.9051884162073912,0.8470632149419488,0.1020014103296957,0.1033017115945219,
S085,-0.03050215348211233,-0.044279971697143004,-0.07478212517925542,-0.002274603875030534,-0.061182522498634706,-0.0634571263736652,-0.003587416700591367,-0.02013720330786323,-0.02372462000845463,0.0021408036470874667,-0.0504996584586331,-0.048358854811545594,-0.045620664092659864,-0.04789730505452853,-0.09351796914718846,0.0010704018235437665,-0.06492892888103786,-0.0638585270574941,-0.0030211380130082334,-0.026178450120983934,-0.0291995881339922,-0.0060210102574336,-0.04815815446963114,-0.0541791647270648,0.020343803622188267,-0.005491380036376732,0.014852423585811533,0.026259914639657562,-0.006803775147989366,0.019456139491668235,0.91408604903704,0.8141017547152071,0.0985339402901594,0.1118259087750489,
S086,-0.0043082123909698,-0.03973597633953333,-0.0440441887305032,-0.0041478070662320995,-0.0563485092769104,-0.0604963163431425,0.0034223941922350335,-0.0198244232224178,-0.016402029030182768,-0.007425912650834767,-0.04949332277731563,-0.05691923542815044,-0.007836718837179067,-0.0371470398660404,-0.0449837587032195,0.0162567276950708,-0.06303852067405893,-0.04678179297898807,0.0016251441315535667,-0.020268512381017765,-0.0186433682494642,-0.0076266129927493,-0.04889122175157226,-0.056517834744321566,0.04141541864179111,0.15916613192603124,0.20058155056782234,-0.20065470867894153,0.3827847023389119,0.18212999365997026,0.9045273525628088,0.8440074912312314,0.0994008078000435,0.1034461895128359,
S087,0.008757643097771535,0.0054075838654999335,0.0141652269632715,0.012108920628838732,-0.051712362425355436,-0.039603441796516634,-0.0003692699910361668,-0.020257282416584567,-0.020626552407620735,0.006087910371405133,-0.06713162289521626,-0.0610437125238111,0.015261564594587102,4.878197946630037e-05,0.0153103465740534,-0.0018063030772301001,-0.050909561057697596,-0.0527158641349277,-0.0035029344350204668,-0.019710613886354065,-0.023213548321374566,-0.0022077037610589664,-0.0558255036340353,-0.058033207395094266,0.05736272139044954,-0.1952468448766861,-0.13788412348623652,-0.011378436571892567,-0.14658360344732127,-0.15796204001921385,0.8815250801189425,0.8617478514448951,0.1099476958369667,0.095933337760507,
S088,-0.007360371681903133,-0.019557478382038432,-0.0269178500639416,0.002666822309225301,-0.053133928445577294,-0.05046710613635197,0.005244897454176966,-0.012221461899278334,-0.006976564445101301,0.006707462171687933,-0.05240187142000413,-0.0456944092483162,0.0046001013598802,-0.031029615990257733,-0.026429514630377432,-0.0062225853881924,-0.0510327957170967,-0.05725538110528913,0.0023447214723331666,-0.013996622209911333,-0.011651900737578135,0.004525516645958066,-0.047472290787799735,-0.042946774141841636,0.07300213164537513,0.03428365930358677,0.10728579094896194,-0.04099771019917243,-0.006314597008259343,-0.047312307207431764,0.909271450101014,0.8621767539313523,0.1038796232677779,0.1079250049805704,
S089,0.00011431045386296687,-0.007148132266453367,-0.0070338218125903665,0.008697014816293034,-0.06441923371497284,-0.055722218898679766,0.0015406883229882693,0.0011255311853097,0.002666219508298033,0.0034788059265172,-0.056003331016682,-0.052524525090164774,0.0004178926899554666,-0.009949324014486298,-0.009531431324530866,0.0027429046728308336,-0.0515744118324477,-0.048831507159616795,0.0006341021630447667,0.0005658992052316971,0.0012000013682765334,-0.0012711021654581997,-0.05740823341008313,-0.058679335575541364,0.002067323786158325,-0.009101798983921399,-0.007034475197763066,0.0003424680548966001,-0.010349026430832567,-0.010006558375936002,0.9910742255942914,0.9613590125755972,0.1033017115945219,0.104024101186092,
S090,-0.026143606308524765,0.007455407308516966,-0.018688199000007732,0.005418909231690267,-0.04472772724808851,-0.039308818016398205,0.0017535427336237668,0.0003082808268139242,0.0020618235604376663,-0.009499816183950833,-0.06611111735517274,-0.07561093353912367,-0.013731432402740266,-0.0038998302461564337,-0.0176312626488967,-0.00040140068382893353,-0.050414236935664734,-0.05081563761949363,-0.0023330835111095662,-0.0031287653250357,-0.005461848836145267,0.002207703761059,-0.06925542271183253,-0.06704771895077354,0.06401620328470381,-0.18370606234000456,-0.11968985905530077,0.008639588827398067,-0.1505464109120964,-0.14190682208469838,0.9015826060456348,0.852454541002057,0.1151489008962713,0.0973781169436472,
S091,0.012639548832197567,-0.011677113764864834,0.0009624350673327332,0.01926723282378767,-0.06022370614037594,-0.04095647331658823,0.0013495767316498667,-0.027011149812220598,-0.025661573080570734,-0.0050844086618328,-0.057878709983019,-0.06296311864485189,0.0019693795411463333,-0.0005493264485201341,0.001420053092626167,0.009031515386150433,-0.05968850522860406,-0.0506569898424536,0.0018299943810858998,-0.027495433156642133,-0.025665438775556233,-0.0039471067243176,-0.05901601192053427,-0.06296311864485186,0.5395441753582852,0.1900823971710762,0.7296265725293615,0.1789382676143737,0.1707183926742563,0.34965666028863,0.8772361924830563,0.8661864803607126,0.1060467920424882,0.1015679765747537,
S092,-0.008564454937374568,-0.0301076684768192,-0.0386721234141938,-0.013738175532372866,-0.01968290716809,-0.0334210827004629,-0.0016077689485962,-0.0069988747825788,-0.008606643731175,0.008646969305669966,-0.05445885762876943,-0.0458118883230994,-0.0125865161604194,-0.0302233285435661,-0.04280984470398557,0.0025051967147267998,-0.035683841023442,-0.033178644308715165,-0.004458774914742167,-0.005553035222931432,-0.010011810137673667,-0.005010393429453633,-0.04565026272860087,-0.05066065615805453,0.07209705251922142,0.09863747212269997,0.1707345246419215,-0.13753721132137142,0.20699133303654751,0.06945412171517606,0.877308387248777,0.8307924375190883,0.1056133582875462,0.0928993014759127,
S093,-0.008048140311389167,-0.0329916779244571,-0.0410398182358463,-0.0048837083199184,-0.06390908153760412,-0.06879278985752253,-0.0037848956875069333,-0.0018888324782403334,-0.005673728165747301,0.00026760045588593355,-0.053204862116860464,-0.052937261660974504,-0.012787853703917634,-0.04534244750991817,-0.0581303012138358,-0.006154810485376566,-0.05741977048237007,-0.06357458096774671,-0.0044690039321092665,-0.003921306448917834,-0.008390310381027133,0.007359012536863367,-0.06250397795889687,-0.05514496542203354,0.0549664868458711,0.0465498026212672,0.10151628946713824,0.007192454622586633,0.03702199364061557,0.044214448263202234,0.9469302637464262,0.8447663045894132,0.0998342415549855,0.113415165876503,
S094,-0.0246365366140472,0.014696893660308033,-0.009939642953739202,0.010369517665580133,-0.08372173595223108,-0.0733522182866509,-0.0179929944461438,-0.015826774819233898,-0.03381976926537773,-0.015654626669327435,-0.040537209420372235,-0.056191836089699736,-0.0242288860560738,0.014910989393519898,-0.009317896662553869,0.005285109003747267,-0.0862639402831475,-0.08097883127940017,0.004295339723850633,-0.020537791178798132,-0.0162424514549475,0.005887210029490633,-0.05371653187275477,-0.04782932184326407,0.0559860271813973,-0.08789384847524806,-0.03190782129385081,-0.030734029099460266,-0.07248548710591403,-0.10321951620537433,0.8605372107229582,0.8485847065951759,0.0968002052703911,0.1307525160741851,
S095,0.0067901939066571,-0.0147963303844889,-0.0080061364778318,0.0040140068382891,-0.05959108962204507,-0.05557708278375597,0.005148188478262867,-0.03982535469595106,-0.034677166217688134,0.0037464063824031667,-0.05283048475726404,-0.04908407837486087,0.005912791322110133,-0.020293577368923867,-0.014380786046813634,0.0026091044448879,-0.0648761986257924,-0.0622670941809045,-0.0005041958442169673,-0.037706081507801366,-0.03821027735201833,-0.0032112054706312666,-0.0469432747277733,-0.0501544801984046,-0.27496968042828845,0.3403675871201632,0.0653979066918746,0.012437766655783436,0.1319155505845717,0.14435331724035513,0.8396159521908729,0.8632128718915285,0.0983894623718453,0.1074915712256284,
S096,-0.001570284175590667,-0.036850452822545836,-0.03842073699813653,-0.004415407522118033,-0.027796787481116036,-0.03221219500323403,0.005693349364519733,-0.027456088901240464,-0.0217627395367207,-0.006957611853034434,-0.049966633321996634,-0.056924245175031106,0.0034440986808503,-0.04199803957871473,-0.0385539408978644,-0.0052851090037473345,-0.026391885087714867,-0.031676994091462164,0.0032913482189620333,-0.02730153591135177,-0.024010187692389735,0.005218208889775766,-0.05745944608680296,-0.052241237197027134,0.07524485542199463,-0.23297264663162456,-0.15772779120962996,0.08300827005865237,-0.1918856374981155,-0.1088773674394631,0.8833025903154936,0.8416651118233016,0.1012790207381257,0.0819189796840474,
S097,0.0012700954527550999,-0.0240389214281951,-0.022768825975439968,-0.004749908091975467,-0.05185051420356923,-0.056600422295544704,0.0005016637911356999,-0.008274558383070568,-0.0077728945919349,0.0011373019375153,-0.05385468365096863,-0.052717381713453366,-0.0011679334420275332,-0.016338504683128932,-0.0175064381251565,0.0006021010257433666,-0.0529878161410845,-0.052385715115341125,0.0061661705383427995,-0.012325351970110867,-0.006159181431768066,-0.0020070034191445336,-0.05572788684217023,-0.057734890261314765,0.063808868355564,0.016744316670635532,0.08055318502619957,0.0207555808565141,0.0310466479743554,0.051802228830869566,0.9047476276569304,0.8639111711499332,0.1022903661663238,0.1014234986564397,
S098,-0.0015197090047397676,-0.050290245955173264,-0.051809954959913064,-0.010235717437637199,-0.036029853049879566,-0.04626557048751676,0.0009589112104286,-0.057290058599225806,-0.056331147388797236,-0.004281607294175034,-0.05956472449442237,-0.0638463317885974,-0.0035294830126354998,-0.06010239038410686,-0.06363187339674233,0.004014006838289101,-0.040645960913912,-0.0366319540756229,0.005418310155467433,-0.05715925565609994,-0.05174094550063247,-0.0131793224523825,-0.05153671081784417,-0.0647160332702267,0.011375567644653,-0.05656850289849997,-0.04519293525384693,-0.0032299991512396,-0.0537443096391682,-0.05697430879040783,0.9025591006088476,0.815304676507544,0.1053244024509181,0.08740914057998,
S099,0.01887645261855497,-0.03038263861108623,-0.0115061859925312,-0.0163905279230138,-0.060791141308567075,-0.0771816692315809,0.007232385629383266,-0.014781706244554901,-0.007549320615171666,0.0018063030772301001,-0.045094919085668796,-0.043288616008438696,-0.006876958393318867,-0.0183472326503643,-0.025224191043683133,-0.0028098047868024,-0.07243176113960548,-0.0752415659264078,0.0040482403448309666,-0.013296603310545468,-0.009248362965714433,-0.0012711021654581666,-0.04803852410041417,-0.04930962626587237,0.0344458474920613,0.06876098550242006,0.1032068329944814,-0.0532094936138375,0.0859434229806836,0.0327339293668461,0.8903147700704716,0.8290795085824844,0.0941996027407388,0.1155823346512133,
S100,-0.047210118116598664,-0.0540482026724573,-0.101258320789056,0.006222585388192435,-0.07566755811889077,-0.06944497273069826,-0.0016274745586416998,-0.024789152026234166,-0.0264166265848759,0.002909260700973067,-0.036136977113076806,-0.0332277164121037,-0.03844866944552334,-0.052872326697820334,-0.09132099614334377,0.0034749502817178666,-0.0809203899400921,-0.07744543965837426,-0.006051070454226134,-0.026999682220886934,-0.033050752675113135,0.002909260700973067,-0.0354096619378335,-0.03250040123686043,0.11094139200084756,0.09100520965340407,0.20194660165425168,0.07101937644944879,0.0982830617030857,0.16930243815253457,0.8980137682805409,0.7816427224379787,0.0904431768645744,0.1311859498291271,
S101,-0.004370723746267433,-0.0356581956182171,-0.04002891936448453,-0.0031443053566597664,-0.09412698004258546,-0.09727128539924527,-0.0016493559845610249,-0.0055073006016473,-0.0071566565862083665,-0.0024753042169449336,-0.043877205372065874,-0.04635250958901077,-0.002718202159532466,-0.0323086164311977,-0.03502681859073024,-0.0009366015956007671,-0.09171857593961202,-0.09265517753521284,-0.0022696394162986665,-0.004354637736127667,-0.006624277152426301,0.0038133064963746335,-0.05016581608538543,-0.0463525095890108,0.034645565077450265,0.03360334520468674,0.06824891028213703,0.0028254335183537337,0.016644269593530967,0.0194697031118847,0.9036874390316608,0.848912607479468,0.0949219923323089,0.1402880586829102,
S102,-0.004044577634910534,-0.030283644807762234,-0.034328222442672834,0.0106371181214661,-0.0864417676657942,-0.07580464954432807,-0.0012271709693171334,-0.03638972292560057,-0.037616893894917736,0.002207703761058967,-0.055637455572321165,-0.053429751811262194,-0.004394019934574367,-0.03161362962509557,-0.0360076495596699,0.009165315614093434,-0.07506874829064174,-0.0659034326765483,0.0019344669586412334,-0.03907256335733947,-0.03713809639869823,0.00046830079780036706,-0.05309525124140477,-0.05262695044360436,0.003421070411552967,-0.08207209495713301,-0.07865102454558,0.0012625572602718666,-0.08326888398202532,-0.0820063267217535,0.9330427356846226,0.8944558216574213,0.0992563298817294,0.1241065318317403,
S103,-0.0025911043395918,-0.007054593163829733,-0.009645697503421567,0.0028767049007738326,-0.0510939157657506,-0.04821721086497673,-0.004783769403877234,-0.007186073865224033,-0.0119698432691013,-0.0037464063824031,-0.052313805254489,-0.0560602116368922,0.0071757815744744,-0.003878912818874466,0.0032968687555999664,-0.002341503989001967,-0.04922071257454904,-0.05156221656355103,0.003515122339750234,-0.0134939607912301,-0.0099788384514798,0.012108920628838801,-0.0614791208685825,-0.049370200239743665,-0.09594965318215647,0.2903491635249424,0.19439951034278583,0.12039884237012027,0.1410227771409457,0.261421619511066,0.8938268833812556,0.8439243637733603,0.0995452857183575,0.0975225948619612,
S104,0.005849942705269467,-0.057869060586833033,-0.05201911788156349,0.024217841257677536,-0.056823136214811,-0.032605294957133435,0.019686766702213,-0.026341867928906266,-0.006655101226693167,-0.004616107864032434,-0.052543046499161666,-0.0571591543631941,-0.0050037044617939,-0.0538783984056568,-0.05888210286745071,-0.004415407522118,-0.05046762538751997,-0.05488303290963797,0.016303518061590066,-0.03291894211185353,-0.016615424050263502,-0.003010505128716733,-0.05434934957639173,-0.05735985470510857,0.48383647593682544,-0.20688046184186493,0.27695601409496046,0.06642613909446386,-0.22846702175783642,-0.16204088266337258,0.8975871375613883,0.8173971608885726,0.104457534941034,0.0981005065352173,
S105,0.00015084893461076639,-0.0321039668809614,-0.03195311794635063,0.009566716297922365,-0.07720019064057776,-0.0676334743426554,0.009392309260298966,-0.020802864374776967,-0.011410555114477935,-0.0062886107133195345,-0.04390488689290813,-0.050193497606227704,-0.0002285459026659988,-0.031252524611455564,-0.0314810705141216,-0.008429414360407034,-0.06649617240514016,-0.07492558676554727,0.0019303324171214,-0.0226454376020859,-0.020715105184964434,0.0129117219964966,-0.055545506723946536,-0.042633784727449935,0.24199865067676696,0.21097513518897593,0.452973785865743,-0.0195648437953114,0.15612895896997417,0.13656411517466274,0.9106668713117444,0.8404737426802371,0.0898652651913183,0.1167381579977254,
S106,-0.03548654284495867,-0.0038213982411354004,-0.039307941086094034,0.0041860357027872,-0.04925907178576233,-0.04507303608297514,-0.010070460453476668,-0.005748952420547901,-0.015819412874024535,-0.008286056973325334,-0.05157507002905747,-0.059861127002382865,-0.026240121766006933,-0.02747011817220787,-0.05371023993821483,0.001940103305173033,-0.044843664263644334,-0.042903560958471275,-0.005128883532693599,-0.010681071665874868,-0.015809955198568534,0.005084408661832867,-0.05665947869089033,-0.05157507002905746,0.1084159262176662,-0.10349546949045661,0.004920456727209567,0.10520787573185203,-0.10181899144955107,0.0033888842823010337,0.8904166620281561,0.8222233151306653,0.1004121532282416,0.0926103456392846,
S107,-0.011804781666508833,-0.0015829664832810667,-0.013387748149789934,0.0012711021654582004,-0.061913414005440426,-0.0606423118399822,-0.010211565003215033,0.00256744975939855,-0.007644115243816467,-0.004749908091975434,-0.061559733829976364,-0.06630964192195177,0.011580341722203099,-0.0228399116698532,-0.011259569947650067,0.010503317893523134,-0.0704766285937905,-0.059973310700267374,-0.004094229430882634,-0.001116862291116767,-0.005211091721999367,0.004482307636089433,-0.07340105400292919,-0.0689187463668397,-0.025930845880777067,0.10612458309611623,0.08019373721533916,-0.11769250027840013,0.1896465970282696,0.0719540967498694,0.886331622544294,0.8326820847012317,0.112403820448305,0.1099476958369667,
S108,-0.006981629307067367,-0.029702632693396267,-0.036684262000463666,-0.0034788059265171995,-0.040102258086904506,-0.043581064013421766,-0.0007722555302764001,-0.008567658143117366,-0.009339913673393733,0.005084408661832834,-0.05991840466988647,-0.05483399600805361,-0.013724324048130768,-0.034553365382087135,-0.048277689430217936,-0.0060210102574336,-0.04451766560902253,-0.0505386758664562,-0.0015729624386158336,-0.010131738883794998,-0.011704701322410799,-0.008897715158207434,-0.05496779623599657,-0.06386551139420406,-0.03212797911211617,0.020727081810534037,-0.011400897301582136,0.019618883148342633,-0.035713635726197644,-0.016094752577855,0.90329616087945,0.8274799853933992,0.1028682778395798,0.0900097431096324,
S109,-0.015737786558070666,-0.0183619351947746,-0.034099721752845265,0.002007003419144567,-0.0410507310939875,-0.039043727674842967,0.0013698616587651997,-0.019627358467368603,-0.018257496808603366,0.0053520091177188004,-0.06336874597505567,-0.0580167368573369,0.0015541295191098998,-0.03055941506501023,-0.029005285545900334,0.0061548104853766,-0.04446263690653324,-0.0383078264211566,0.0022651054856355,-0.018678870882818034,-0.016413765397182534,-0.005820309915519167,-0.056478034235992736,-0.06229834415151194,0.123133305872,0.16217229283416587,0.28530559870616584,0.000777753582137275,0.14419067613618605,0.14496842971832336,0.8844504520802802,0.8511282581591877,0.1079911219940362,0.092563818852031,
