subject_id,rpl_alpha,resting_alpha_power,resting_total_power,rpl_beta,resting_beta_power,smr_strength,mu_erd_real_C3,mu_erd_real_C4,mu_erd_real_Cz,beta_erd_real_C3,beta_erd_real_C4,beta_erd_real_Cz,mu_ers_real_C3,mu_ers_real_C4,mu_ers_real_Cz,beta_ers_real_C3,beta_ers_real_C4,beta_ers_real_Cz,mu_erd_imagined_C3,mu_erd_imagined_C4,mu_erd_imagined_Cz,beta_erd_imagined_C3,beta_erd_imagined_C4,beta_erd_imagined_Cz,mu_ers_imagined_C3,mu_ers_imagined_C4,mu_ers_imagined_Cz,beta_ers_imagined_C3,beta_ers_imagined_C4,beta_ers_imagined_Cz,pse_C3,pse_C4,pse_Cz,pse_avg,lzc_C3,lzc_C4,lzc_Cz,lzc_avg,theta_power,alpha_power,theta_alpha_ratio
S001,0.4373448965188994,5.930583224239171e-10,1.3560426270992022e-09,0.15057483188505436,2.0418589060442983e-10,7.047675424715756,-86.0832235171261,-79.71413224110847,-79.72331781703355,-70.37363380437407,-50.12512556975616,-60.281685046697305,233.4544386599897,876.7950350142705,108.58208147287974,111.78151587910673,173.43078942855888,215.76607139651708,-79.23295766969284,-68.8988697214662,-72.05582485030838,-51.93727769980343,-39.840145491956235,-45.89814158055112,94.92379207594533,383.6186656334067,398.87459597138576,60.75024769644042,98.31468115637001,106.56873894745154,0.9300388546328824,0.9401059064901853,0.9438651590453286,0.9380033067227987,0.024441391166404147,0.013578550648002305,0.038019941814406454,0.02534662787627097,2.421190561443223e-10,1.6104397753120105e-10,0.9275029381414602
S002,0.5061574472663362,2.6680327039641906e-10,5.271151730303975e-10,0.27842018467637086,1.4675950382084045e-10,3.6129429626370424,-91.71414111636405,-91.15712002178573,-80.06036207012009,-70.4826618434725,-81.4639217919656,-55.71511815281048,154.96336698540026,227.1912148213098,156.51688811097029,64.22785896029269,87.39910275995054,99.25948199974958,-85.44762824975321,-80.3235531450526,-83.07382537546987,-46.37837425839762,-47.319640259993214,-60.69550069740988,146.74529662943897,227.05941936758887,363.2020160844702,155.17205917600347,125.6346030662885,408.3044852773889,0.9680189069393725,0.9490751238542314,0.9605481783436477,0.9592140697124173,0.0027157101296004607,0.0027157101296004607,0.023083536101603915,0.009504985453601612,5.323579128789565e-11,6.604246333185439e-11,0.32061552340077
S003,0.2137366304429699,6.340629215738166e-10,2.9665617927059068e-09,0.16305772866999838,4.837208278778237e-10,2.883571401622177,-64.43554875150053,-65.64688100337364,-69.46143183268553,-72.86109275318184,-66.56444851407795,-74.04035153727907,1020.5702368883948,567.8869830162351,876.0115496244873,94.09004438372901,182.60197454150958,144.02236137437475,-38.49753852713519,-64.733621424238,-53.95433074453611,-42.77047996885327,-43.172345100961905,-46.83620137429261,1806.9052315350013,480.4736790951825,1304.566856613561,99.1651363793138,57.71875898677934,98.89438365906841,0.9593806945555602,0.9522453326572251,0.95733719863204,0.9563210752816085,0.04345136207360737,0.0027157101296004607,0.04209350700880714,0.029420193070671657,6.409262186529039e-10,3.029906368229732e-10,1.5904245907689702
S004,0.34556664449467644,7.02175118572937e-11,2.0319528222977962e-10,0.30537035766708226,6.204981601077153e-11,1.9727184556948956,-75.43363253686724,-82.36111488506184,-75.84117107760633,-84.40004477668883,-82.20213502141205,-79.99858139348636,171.7785052497183,809.3293568901393,305.8974727475795,17.376939682071047,111.15015181333581,242.40521692969133,-82.42517433629212,-77.5603231185838,-81.09013953385073,-43.70856055937601,-40.201611949612456,-62.32882435986454,508.114174671998,306.47700167616136,513.5771898126699,121.92975820822399,147.95539140395525,113.73311826156159,0.986169864442372,0.9895765859084116,0.9928157486959146,0.9895207330155661,0.0027157101296004607,0.016294260777602765,0.009504985453601613,0.009504985453601613,3.693820696902406e-11,2.1055260591778856e-11,0.3051350828411055
S005,0.21042360982932548,2.9390968464746876e-11,1.396752412364082e-10,0.20830766682738008,2.9095423615507662e-11,2.811839013352852,-59.00520859119389,-77.98060177719383,-73.50338425854216,-71.86470054095453,-83.55378091368813,-62.206788470022566,307.91383313739595,483.56047515347365,378.0187411806362,45.22462144169201,157.07279692551705,137.51893093265653,-47.354900192212945,-70.34003796306682,-71.89088699508056,-65.36227007766828,-65.20882849147989,-40.03517865576269,745.1163986826745,405.9859181225014,183.35762048472586,82.33813028614935,125.66633782783367,72.6763482918312,0.9810478016347632,0.9786982984976488,0.9680374465571264,0.975927848896513,0.03258852155520553,0.03258852155520553,0.03394637662000576,0.03304113991013894,4.33043146635731e-11,2.3153411224900838e-11,0.35162903108295906
S006,0.10993879434882556,1.8275329661403545e-11,1.6623185445728672e-10,0.260124827147755,4.324103240715247e-11,2.4837601816772192,-71.86099248704906,-61.0235284671255,-52.19057492458504,-74.67510569860289,-45.88754596159873,-48.59497877337781,428.5565930657266,806.4450907891477,285.16583245989614,93.53353207095523,142.45404090009575,139.69759923715063,-65.58523071281802,-67.0247823551563,-65.61754694257603,-55.172345574728496,-66.37129274531712,-61.12932854288607,195.34653541999185,385.80880949756585,269.53474893919855,162.9812089259245,90.28093000932422,96.8114825437202,0.9951263329090877,0.9947356079249277,0.9936650460664238,0.9945089956334797,0.006789275324001152,0.0027157101296004607,0.0027157101296004607,0.004073565194400691,6.485764964603649e-11,1.5476914928097432e-11,0.5616503496514484
S007,0.4738427381973688,3.2316377801564426e-10,6.82006395719074e-10,0.1379075602846127,9.405383813211962e-11,5.198240222385081,-46.99787135987063,-76.5855008136452,-58.12637605690421,-68.46629006705618,-77.62865434901643,-75.16285611184941,244.1838680091249,603.356711572577,333.7081072196211,123.93629123928247,212.19995691098396,48.10157040511271,-68.2698202145869,-70.41395839746323,-75.0557790560356,-57.804357908493664,-63.07334565178322,-46.44010673028807,717.411413270217,354.2804151697882,805.3489992349465,218.50572946484363,120.95591858129644,184.79023168023187,0.8933243356953146,0.9030446938239357,0.8886406689190087,0.8950032328127531,0.019009970907203227,0.028514956360804835,0.013578550648002305,0.020367825972003456,9.526898412595078e-11,1.5441665073871562e-10,0.3744604916750966
S008,0.46581297298684127,1.8380090344077295e-10,3.9458090285082103e-10,0.1337744021920506,5.278482439526819e-11,1.827917621478285,-84.1854843401046,-79.64779262157572,-82.69146290883074,-60.17465211687385,-61.14697793914318,-63.017231851729875,488.45411611768554,437.66061933985657,530.0369942252905,31.679136892503053,25.481068809880973,34.47877736611441,-35.825080785663204,-44.92528253395288,-48.96683808321194,-51.81737072477647,-58.79441032715563,-46.05258071418517,861.2955174018601,306.4183390320773,329.9653169616141,85.98901447959028,145.59630628755542,373.8443976781533,0.9503235389315837,0.9472451121019423,0.9361725270162651,0.9445803926832635,0.05024063739760853,0.012220695583202074,0.023083536101603915,0.02851495636080484,8.81430308627116e-11,4.0767066116042e-11,0.6261623069564473
S009,0.26215518141160754,2.272774939658057e-10,8.6695785580892e-10,0.3475605648079375,3.013203620296267e-10,3.915934255844121,-56.44682274781937,-65.36926161428141,-77.70621559506138,-43.34335126879021,-34.17015891769142,-38.35900060661099,192.92919300158817,212.40841800237118,264.35081654072286,99.52963966330906,128.91999648909444,100.14417575715966,-68.80492764244877,-77.0131721493324,-82.56657145099219,-48.80539278704163,-39.69065038598172,-46.93561414231222,289.9869871123625,345.07071001115946,274.7372998993215,332.35048733539793,60.526261853769235,132.1106953451517,0.9730642386022135,0.987598656735844,0.9475537465576261,0.9694055472985612,0.023083536101603915,0.013578550648002305,0.019009970907203227,0.018557352552269816,2.0714260932505675e-10,1.5060335612847674e-10,0.826575559582135
S010,0.37106205209934284,5.479542507132772e-10,1.4767186448011552e-09,0.19445200094280446,2.8715089531113116e-10,2.7285159240329975,-85.89493033866627,-79.28709126612388,-86.51064944381005,-34.5263628685595,-51.964066323523916,-56.77920273866863,109.44609239091578,76.78582572476218,421.71553459146935,123.03858502555343,219.43771631597832,122.77249510988189,-64.64602808403168,-54.205285161683726,-67.93735595784042,-56.38195166084776,-49.11167750665866,-59.06127471402145,261.81789176287043,173.87872847252575,218.0945602246195,152.7651673552793,102.62680358354577,100.1455097080115,0.9489403495938122,0.9381619005991505,0.9399546544333122,0.9423523015420917,0.013578550648002305,0.02579924623120438,0.012220695583202074,0.017199497487469587,2.990967429551194e-10,1.404498857726278e-10,1.243904699700913
S011,0.3994947222551058,7.89180027731486e-11,1.975445440872529e-10,0.195547592934554,3.862936009361619e-11,2.5171725175369772,-57.731691272283825,-69.88231750645227,-76.39475294759657,-70.65786882161265,-77.42875884044224,-72.56126732898761,574.347569766775,388.36527555919326,232.57047051021007,23.842992759282968,168.31584111483494,91.40906620211142,-67.76706395958757,-69.03550386579222,-81.01379953188781,-64.85835887073472,-73.20211988529772,-72.72574599065857,239.52121531652298,347.7827151279718,161.7601407078834,98.48962348286435,94.53476547470474,63.06910381033079,0.9849960648945497,0.988028571767011,0.9790956626782892,0.9840400997799499,0.0027157101296004607,0.0027157101296004607,0.0027157101296004607,0.0027157101296004607,3.5790272964435643e-11,1.3275286988367343e-11,0.3159583516933493
S012,0.15704213010201562,3.4024681273796605e-11,2.166595756928026e-10,0.15269537941424968,3.308291611414284e-11,1.6750180783627968,-63.886961517468286,-67.69228131153741,-69.38090562103105,-55.504575408808066,-55.664371099442974,-57.33496003847948,177.86244411957875,343.60894380175205,278.3434110840994,93.84074743837793,152.77879406189345,123.56421334431818,-74.80861113038779,-73.11123947918652,-79.72318819920584,-52.797005307976896,-66.64241331433935,-62.5474849528467,759.1113673986458,433.8817876766126,312.8587739940193,133.49608443762142,150.1583818230707,103.4781844162574,0.9835335091099521,0.9818777647797295,0.9706256210637363,0.9786789649844726,0.0027157101296004607,0.0027157101296004607,0.0027157101296004607,0.0027157101296004607,9.061659900924064e-11,2.3556429063724347e-11,0.7334025408140036
S013,0.26040771084695186,3.129131360650956e-10,1.2016277668866821e-09,0.30371102758308255,3.64947603853519e-10,3.189511960325987,-57.69544241274798,-89.55147349056861,-88.01627961871357,-48.86833980909655,-68.41140033900565,-59.48162515335043,440.78841630094405,860.5916185426438,340.9053552566429,360.41175646182256,294.09641341268144,212.7406933947501,-64.91964114405361,-66.52433643312112,-67.71596528164727,-55.47284296895021,-69.24457977886836,-54.262548550614554,433.66367401253,249.874361447757,559.5597807181737,70.54832083916547,193.4734655327655,134.12179674930925,0.9684924941980839,0.9717021129325347,0.9685848833404608,0.9695931634903597,0.0027157101296004607,0.0027157101296004607,0.0027157101296004607,0.0027157101296004607,2.2518694146714835e-10,1.2890851719845217e-10,0.9837420827461941
S014,0.5372112471384239,3.6459936798083465e-10,6.786890072070435e-10,0.10720843109460804,7.276118366382426e-11,2.609989461731338,-89.53909601474813,-79.46567551751683,-88.7011959401613,-59.684182609955194,-45.159818451235445,-44.1257612238196,91.58871483363959,627.9680653570464,189.66218247477403,47.696491139955,70.56954379357482,218.3660993180408,-68.97517081251219,-52.28697254689415,-68.34571163048157,-66.98277518195317,-33.883596699061904,-49.00937077983014,163.06305229336485,416.38749636698964,226.112858024511,127.12778003424565,143.13141326493616,68.31354474982942,0.9028559790483128,0.9176497943101658,0.8863333511437107,0.9022797081673964,0.0027560038938533086,0.0027560038938533086,0.0027560038938533086,0.0027560038938533086,1.0304845305163249e-10,9.687730482818049e-11,0.5234145862651123
S015,0.3297343688925018,5.738710800053936e-10,1.7404041984852478e-09,0.374689874328301,6.521118304108849e-10,4.337056291681755,-63.890914796373586,-65.5270607754844,-59.44697377568331,-66.29601366255874,-70.46934428622129,-66.15437734437887,108.87923890053834,488.4752280395544,375.9105762499864,50.52261212937077,15.391715995019236,27.36965772119786,-55.854121379068154,-88.04334496517484,-68.19471969436168,-54.851079355396315,-44.13812711472939,-39.455035793676075,292.952858587643,309.2531691355147,1140.1718371966535,209.23460342196228,151.99404295263722,152.375544487279,0.9576011185696282,0.9560490160680192,0.9530975154885384,0.9555825500420619,0.0027157101296004607,0.017652115842402994,0.024441391166404147,0.014936405712802534,2.398864509897624e-10,3.2852857353821496e-10,0.559791028656739
S016,0.2990936176513434,3.1493048670941764e-11,1.0529495386174888e-10,0.20012262706676268,2.1071902783686752e-11,2.8525506199671753,-47.665207814380764,-55.08107476817726,-48.305425411236165,-55.74113086632322,-48.454480336891436,-61.38015672858073,136.52008290187797,245.9624035111603,226.39957226515196,436.0298027454741,69.869515623227,155.52851436977605,-77.44436146669159,-61.86892696214182,-60.275025334820896,-65.8526293204806,-69.1232676972272,-64.17881976292385,473.4891944849772,418.7859976416269,362.52917534586123,205.34590130647277,316.28703025058684,388.82565624854135,0.9846100087645373,0.9880227954156948,0.9775267204973994,0.9833865082258771,0.012220695583202074,0.024441391166404147,0.010862840518401843,0.015841642422669354,2.3746620159094206e-11,1.408273011329318e-11,0.20815262867142056
S017,0.4585753096973678,6.90509895023551e-10,1.5057720736845734e-09,0.24746658753589013,3.726282766815623e-10,0.9951002472953121,-74.71224914239035,-80.18290455195786,-78.58011256959804,-72.77607294192852,-64.9277874128942,-66.94599151816512,626.8246744570728,312.7088604554864,536.2314581138903,108.08521010567102,70.2581389434904,95.6914081032794,-64.70121991370897,-70.25538978508739,-43.75566717940837,-44.31868083708723,-47.99604199440512,-53.26368770645627,449.41646226060936,552.5287615806291,398.0699906177908,231.0358380453613,123.58756204738835,100.46608147011835,0.9928212889498317,0.9896799732298178,0.9740977080483797,0.9855329900760097,0.013578550648002305,0.014936405712802534,0.029872811425605068,0.019462589262136634,1.505904563600511e-10,9.999513501621864e-11,0.7529705977489849
S018,0.2970917419737754,7.528627350397123e-11,2.534108588942766e-10,0.29484377894666736,7.471661526250921e-11,1.8867945263485595,-67.74404046818513,-77.73044916593561,-73.25732239676512,-76.02813160503878,-70.74757505313077,-76.11083597161344,234.08850911215552,347.54091015518355,399.60278441492466,126.74071164727971,135.8840791458157,103.32775452797132,-75.07900625268105,-77.52346278782902,-78.78020866783055,-61.62161080166554,-48.35397087851182,-54.93929514200465,294.0044595690094,324.26801727427784,416.07004293360046,443.0116732281637,391.03265893997394,505.81212346725454,0.9778349216904597,0.9825106352527558,0.9755818192140794,0.9786424587190984,0.0027157101296004607,0.0027157101296004607,0.0027157101296004607,0.0027157101296004607,1.1549330971756492e-10,3.4545060815636665e-11,0.8583987328663233
S019,0.1836667378790874,1.1557911203396903e-10,6.292871173552272e-10,0.2155997620996583,1.3567415279416675e-10,3.4597932402716935,-87.516450111748,-83.86516716547212,-85.588437307285,-78.84955205402761,-67.68239074355249,-68.93704581012119,163.76145869660806,1392.824567337252,339.0962405358803,16.06742781194397,44.86522794835783,69.88429943775964,-78.40674676462756,-65.99900424958352,-75.57238541257267,-74.41403691040607,-73.9399483481319,-76.54044875753124,1450.3911598732054,2133.624136802797,1956.1233905163222,147.72595138701004,129.44686715591072,212.21396854959974,0.9791355047908955,0.9908701243272156,0.9891923794173586,0.9863993361784898,0.0027157101296004607,0.008147130388801382,0.008147130388801382,0.006336656969067741,1.3032421107737238e-10,7.550876029598125e-11,0.7425510319689524
S020,0.3771055836348159,1.0511074321867985e-10,2.7873027549883144e-10,0.19227997677339642,5.3594250898957695e-11,2.633837508678063,-51.147612028779896,-60.30382043104916,-70.38116716704005,-72.11234320891148,-69.92268590941558,-75.27365541102255,227.8313419558042,255.11996682754224,228.4104128530662,215.45372763604877,233.85380522711472,264.27679208719445,-66.68740041685027,-57.24431716927483,-80.36522430931761,-64.86992570934866,-43.96315094252684,-53.70106378757461,719.0004991373883,625.2680224044889,1363.783984057762,51.93346140702364,89.93992851404838,59.14784079634862,0.9946914048725938,0.9951803054513096,0.98312601551941,0.9909992419477711,0.006789275324001152,0.029872811425605068,0.02579924623120438,0.020820444326936867,5.027496503289697e-11,2.7483012762274705e-11,0.39436599389636123
S021,0.4179916692198278,2.2840215838220216e-10,5.464275372007048e-10,0.2339556498344549,1.278398095532317e-10,4.490900613035272,-84.38976218127489,-86.51980783020616,-86.19275925031172,-75.41750339886035,-83.81949980291596,-78.51669584113387,1506.9620858128349,223.75286548999784,661.4202948870005,547.8167311387851,212.3534254091139,284.6884615478182,-71.52180225212005,-67.53402146682798,-76.33810786075951,-73.0969174699359,-80.77015802369537,-75.441797381099,1031.4473390711494,630.8812123668674,679.1840172894371,199.21637358195,291.15901718403734,260.25947034799265,0.9570638296255833,0.9516156528847199,0.9605346744557187,0.956404718988674,0.010862840518401843,0.010862840518401843,0.010862840518401843,0.010862840518401843,9.903600364760959e-11,4.473501574158131e-11,0.6842573867849262
S022,0.20026496169020028,1.6596158325225098e-10,8.287100342045111e-10,0.2535079403561479,2.1008457392365847e-10,2.7663663591739365,-63.02738681468746,-66.71809933844655,-53.995121378224496,-68.87887745955899,-71.8055656713496,-69.53802151136924,343.28001300711566,712.4371052528126,275.4822028558242,338.52427370740685,86.16211674350251,57.84538418294719,-67.62886579001102,-72.19482624279007,-61.05333125369147,-31.479643504786036,-47.99319076996417,-40.54035551309105,584.407318594821,631.8513270418042,510.0128929155187,131.0758520757156,142.03278895244003,119.77146732007557,0.9727876599196008,0.971495737880921,0.970568609992999,0.9716173359311736,0.0027157101296004607,0.0027157101296004607,0.0027157101296004607,0.0027157101296004607,3.5480738131344e-10,1.029065478664157e-10,1.7486246010504736
S023,0.3927289808928664,8.283303069941371e-10,2.109165219004043e-09,0.2209616934968453,4.66044718655778e-10,2.3352157643276783,-87.78287368993965,-84.62675120185158,-84.37801919570227,-75.62541359258111,-78.7699929220038,-74.29028428009778,545.5790868922035,312.1449524277106,351.89150679603415,205.36715669439022,154.21981858577544,229.74862409625473,-78.58845426572321,-84.78075593660222,-75.76377296788198,-77.97666550278358,-70.05510310208729,-68.78012451305453,1225.3273781464854,1396.4838803512716,1504.2817236785502,159.60844184641215,35.835963754027595,117.23542152006634,0.966284965207916,0.9672544321062838,0.9637834812796077,0.9657742928646025,0.04616707220320783,0.04616707220320783,0.08690272414721474,0.059745622851210135,2.6950447665949624e-10,2.2703640342887963e-10,0.8240809702951164
S024,0.28877233112731276,6.5842299273606e-11,2.280076453882201e-10,0.25641451521360664,5.846446985721639e-11,2.17748629254649,-83.64546363780093,-86.43819955576969,-89.83665117368196,-35.71549907739974,-45.59742775168524,-55.664944076056244,171.53187786879352,82.081351008546,96.90640901453015,101.25391791461745,81.13997603970606,53.66929155314539,-78.7401729729277,-81.77668726218694,-87.11809770174116,-60.54775093962764,-58.044133913122806,-65.8903408813223,1287.1366829543097,233.95015239559726,335.3901950519227,135.41673656958628,108.9231831620203,143.1862944816162,0.9760244901000222,0.9855801979254984,0.9702130805001434,0.9772725895085547,0.0027157101296004607,0.0027157101296004607,0.0027157101296004607,0.0027157101296004607,6.723825397466552e-11,2.8690019331962115e-11,0.5224822742564145
S025,0.5621509403555234,4.596575900997471e-10,8.176764585843155e-10,0.2512598610677464,2.05449273382262e-10,5.6342268219115255,-72.8610856071526,-65.14539216239693,-46.51594203226062,-76.54564807826218,-60.69795942067794,-69.15066136543386,116.14874625981484,130.3534814562887,392.5006694819398,352.82694547245023,251.24706020426436,272.7192621645237,-85.02252911146266,-82.59271842056786,-83.91863377333318,-43.40995847926483,-58.21311965068104,-49.23678182061841,181.03511097805503,106.47389393481714,111.2093429462594,184.61349944428375,176.47091342506644,231.84733307102752,0.9294916153476909,0.9352848387466468,0.938790106918606,0.9345221870043146,0.024441391166404147,0.017652115842402994,0.023083536101603915,0.021725681036803685,6.333865136115628e-11,1.77214574158278e-10,0.22848240051402402
S026,0.23939864969251243,7.105459755283546e-11,2.968045043031745e-10,0.3935911255478114,1.1681961891634667e-10,3.2780478006989995,-74.89348889415508,-77.22609818471777,-73.86994547714256,-68.19306345125791,-67.21271165523812,-70.18396613273572,415.4048280144764,822.0271515072761,542.3850862197628,22.20357675250201,84.9071514656717,57.22369695403312,-55.9540468948345,-72.94064886901197,-66.61560411867804,-54.33335418706552,-34.27582817099765,-57.66156416838874,250.91984676473191,360.8539335137044,396.3302020251213,85.61408814329276,112.68517964534898,60.066209605253604,0.9841522814891049,0.9949499196350244,0.986298435880855,0.9884668790016615,0.0312306664904053,0.03937779687920668,0.03258852155520553,0.034398994974939166,6.011722182776317e-11,3.8245476301117766e-11,0.43485850992201397
S027,0.5134186896051041,7.775169954668075e-10,1.514391686957938e-09,0.1192737731993707,1.806272106052335e-10,5.32964815379006,-94.8925461135047,-84.70056773933678,-88.01205281440883,-87.17039107517658,-51.32533770652581,-60.12721241068291,347.2967199844557,66.49979751279143,698.651942568048,97.16935715498953,79.0221947816817,71.31988371590403,-92.86388870630938,-85.90700486393862,-89.29390939102353,-53.964358041124484,-59.136999373555575,-54.54181951874715,382.0195969693403,173.87676982672423,307.12869093486177,485.9832390819686,264.7053415173082,287.2209005228838,0.8407118989497645,0.9571500793486099,0.9645293738715097,0.9207971173899615,0.0027157101296004607,0.04073565194400691,0.048882782332808294,0.030778048135471886,1.2127217432224717e-10,1.6077955391360833e-10,0.4650371261944198
S028,0.2752678419863908,4.746453307326418e-10,1.7243035993870588e-09,0.09982416795841317,1.7212717211651015e-10,3.969604386956391,-92.75634436544438,-82.619011755107,-84.93021572844721,-55.14808368140456,-27.572860858130895,-36.9084772033134,471.93138450498145,134.78439102285202,324.83536745637645,74.248652115399,278.5588611149665,132.82703820671028,-74.14768005083587,-83.20252644408424,-75.66475617307499,-74.69981593425952,-72.13425374574676,-76.29135386806377,429.39722889359774,434.51531243923046,834.2462171549906,116.23823038136139,111.79856402573493,131.29387157733441,0.8929067810168533,0.8821499176673561,0.8946593724354768,0.8899053570398955,0.0027157101296004607,0.0027157101296004607,0.0027157101296004607,0.0027157101296004607,3.6762722855175555e-10,2.148801056037136e-10,1.167514943019061
S029,0.6124528484639414,4.862002304891221e-10,7.938574074861984e-10,0.1619561844790429,1.2857011673688947e-10,7.384169319321629,-84.33157834575486,-95.28818263390717,-94.46856967246615,-81.17223696431178,-79.09594235176431,-72.96849357898047,136.44107753933426,264.88200298498106,286.4281530896192,94.51897925651843,125.25485350710841,138.16711162993252,-74.67235743440172,-91.54873214010395,-87.09466254981702,-49.955648038615465,-60.185133279773254,-67.12894957222886,43.42528626728877,123.0495840967119,229.11282103026394,103.64491201249177,175.20414947100522,61.570906535153526,0.9274705696795321,0.8763307770009109,0.9136275053777309,0.9058096173527246,0.016294260777602765,0.017652115842402994,0.0027157101296004607,0.012220695583202072,5.42295904513181e-11,1.1088646061453767e-10,0.2571506501332012
S030,0.5267229546147524,2.1860574227159208e-10,4.1502983751957674e-10,0.14282346569156507,5.92759997599531e-11,3.120096311168872,-79.82194759848852,-81.84667806449012,-82.03379776636974,-62.82797259200028,-58.863366848430076,-53.62287870453856,757.4834460123423,815.0161216000884,720.2640544676829,388.6381296444666,298.46045787116594,241.94470715574064,-74.2326639877678,-30.091144553840664,-18.65316985871506,-69.39708804521713,-63.255962689037645,-62.72196600028956,239.68194235533517,215.56050003693605,223.031846771978,489.42755108270006,145.3415266238343,194.10752864024838,0.9641383959513498,0.9499611081963049,0.9368752172902789,0.9503249071459777,0.0027157101296004607,0.0027157101296004607,0.0027157101296004607,0.0027157101296004607,6.405256878201722e-11,5.752366669937739e-11,0.4066218754560668
S031,0.20816808228802303,2.4531099631317806e-10,1.1784275169224253e-09,0.1426072957846204,1.6805236146649206e-10,6.577253966852595,-71.97300585678559,-72.1483367512256,-66.9049145216799,-56.7398729794087,-72.85596079510374,-66.45310439251648,1184.528858543808,1701.2541368626362,1223.8352946992022,188.7175981188485,227.97845192052807,229.0215850634463,-82.45097797725136,-83.00974076316704,-78.78606316166105,-73.6781225081076,-78.01819584104845,-78.67916963135325,415.32080813955145,414.55996982096553,204.35633685155472,189.07108167573463,255.5363985236769,230.68599448922748,0.9010510442396589,0.8824966155205749,0.8905246937675033,0.8913574511759124,0.0027157101296004607,0.06517704311041106,0.0027157101296004607,0.02353615445653733,2.0110336358549135e-10,1.4353896107039327e-10,0.8257543791006147
S032,0.14809503409343863,1.0382326402217575e-10,7.010583755068372e-10,0.31893637716114276,2.2359301846262666e-10,3.250404907845116,-58.70508953432011,-27.86149425559494,-50.53555352740492,-65.62646352651119,-67.34885699553169,-63.17039179092191,1085.3173124754262,892.8914797911401,469.6696743992276,121.82550325788553,91.07941235436098,29.349065689937003,-68.53945882807369,-66.78167662863338,-48.78887496148902,-65.93140684310134,-45.585029757350924,-63.65649885069091,301.69604090668264,348.7665630761235,468.2237726483755,216.48728869020113,161.3715746059839,167.17934000968842,0.9859190851872268,0.9884573301921117,0.9830646448384509,0.9858136867392631,0.0027157101296004607,0.0027157101296004607,0.0027157101296004607,0.0027157101296004607,1.301871143564231e-10,7.951893603312186e-11,0.7251998994267832
S033,0.25876832752471185,7.011941660335391e-11,2.70973721065835e-10,0.33083377385965584,8.964725875700392e-11,7.975806826855042,-88.69991385389443,-97.023737216715,-78.0070721205351,-70.95154139935053,-82.09943179315495,-65.71824544689261,222.74304380949866,196.52330387231189,191.2104532305973,120.82008258675489,57.06956674237429,119.99730388425631,-96.09178027295025,-91.81634150337139,-80.08084911784916,-60.56031008952169,-68.01716215468439,-53.607820912296056,138.0929950634907,193.38651359986682,189.5015048712978,153.39841546694976,97.39397785143696,217.24288680126992,0.8445300027945667,0.897412397716909,0.9531210842433148,0.8983544949182635,0.014936405712802534,0.04616707220320783,0.0027157101296004607,0.021273062681870274,5.0926651576082814e-11,1.2098875924522695e-10,0.23044905881194844
S034,0.4019025649254089,1.9501546995913676e-10,4.852307175380448e-10,0.11850312192467827,5.750135488201004e-11,8.716603820620087,-90.82818845001961,-92.62517133936497,-88.55872676653132,-72.89634429463607,-41.69414393126596,-62.06441897639938,511.66949290456546,113.55355036881853,508.9417022659589,115.27989960121215,62.548045466647864,189.6857557555502,-97.83566567339763,-94.40798894879808,-95.113156960514,-71.71298932547843,-85.8303953088781,-79.9066757727252,248.65233402142005,171.49467352423034,530.3791899402972,85.81120244000175,90.55585516427142,130.01446831876154,0.7631087274481915,0.7588989165113074,0.8178863640258344,0.7799646693284444,0.0027157101296004607,0.03666208674960622,0.005431420259200921,0.014936405712802534,1.076496870393703e-10,1.8676802966816306e-10,0.37538942944211173
S035,0.2312088674467724,8.263381058309256e-11,3.5739896784934534e-10,0.14101769222079924,5.03995776482103e-11,9.554642442850572,-86.50358739680982,-73.58769727645316,-68.88170950233777,-68.37654620601559,-76.18713257057156,-64.84299587950912,180.3162751960827,207.07873189793372,1081.7897513879648,18.355314480987385,114.02981416751774,107.16710642261262,-87.34490513098626,-84.29381457996845,-74.41799344375357,-60.003207130909985,-58.279169251167865,-57.6528702315526,108.86257967415587,324.938057152064,282.66798939567013,58.32089001501841,210.80828460325972,178.1747847499011,0.9042512065445498,0.9207450934062018,0.9382679110566307,0.9210880703357941,0.12763837609122164,0.15479547738722627,0.12763837609122164,0.13669074318988986,5.166875842747597e-11,4.8847669061772675e-11,0.3471250759461549
S036,0.2876371753188457,3.7063105310951985e-10,1.2885366875775897e-09,0.3079871476213092,3.9685273901243184e-10,2.517853363541633,-45.62241655619895,-56.937748523760845,-49.865450590803704,-63.069897914385606,-46.09744205636112,-38.60776460326534,290.50067284866947,262.61022602434366,243.30750790530882,76.15789436398485,140.8819983147216,107.84029292241077,-70.45816357181187,-70.0871685923097,-69.40219341135403,-73.9580995871604,-83.26911145718668,-79.9649092701192,2931.8222859473085,1255.6037147249845,2494.629890591775,141.8832896095884,110.01885338566855,147.87973158284328,0.9416063175246298,0.9497616833163803,0.9374141867802033,0.9429273958737378,0.0027157101296004607,0.0027157101296004607,0.0027157101296004607,0.0027157101296004607,2.6765273155336724e-10,3.0767690603132375e-10,0.6565315022597875
S037,0.13658318651215737,3.0207659362811056e-11,2.2116674924788235e-10,0.37707698277123547,8.339689049571389e-11,2.527389327194115,-44.46050407373197,-36.44651705432421,-36.506311648407944,-69.13329563283075,-57.790063472319964,-58.823993100254135,314.9613879593402,257.39746691341765,234.18482742234494,111.4216444286478,120.4424733617179,120.76367585087073,-64.56534047390114,-70.52279145547604,-70.3013341235155,-55.034376393409424,-56.79623163019134,-55.3859067936385,353.47470729559785,342.56678380609117,308.865788301067,513.4546849748347,224.41249269676993,226.4206548481079,0.9909406192227829,0.9921198509209321,0.9903457400269984,0.9911354033902379,0.0027157101296004607,0.0027157101296004607,0.0027157101296004607,0.0027157101296004607,5.850432152999886e-11,2.8224181618309453e-11,0.4562658992369415
S038,0.21393668469713964,1.2355235194653884e-10,5.775183069768808e-10,0.19928913667883966,1.1509312481364767e-10,1.6465418691855405,-57.42600362027132,-53.083590159106166,-52.150281889613815,-63.45078830764178,-69.822718427983,-40.705270140277875,736.4601805408104,593.971140992252,553.2475086414008,146.66633213765456,54.67553780027292,88.24361268286471,-62.66543850955859,-52.79912076358716,-65.20375168621936,-51.517706990784895,-61.858068517801065,-59.62898874519736,650.7571868307685,1083.3002936232556,620.7949849090588,321.04430831011473,293.74559358484987,385.86205514154864,0.9569231565450161,0.9597489510454372,0.9462697961673144,0.9543139679192559,0.0027157101296004607,0.0027157101296004607,0.0027157101296004607,0.0027157101296004607,1.5817528431634807e-10,7.179406071529908e-11,0.9207261511704974
S039,0.19031164349507804,2.708008058687523e-10,1.4229334626903998e-09,0.16991811120101086,2.417821663450668e-10,2.7538953563935635,-64.40777631037635,-60.95157847696107,-67.37876563450753,-69.44168775586607,-48.90641181192238,-49.53052852310899,849.4024321115688,940.908533279172,170.8811103989341,75.7772269445227,136.55588383001233,107.09650365506585,-68.74585852505649,-62.78637447386309,-80.53372417930123,-57.10016827668093,-51.934418536495755,-67.79091229704902,142.16411041897064,1722.0430450062893,218.85208974126456,175.1069077527363,55.63969195750751,111.29540185446545,0.9472077038930511,0.9431916708813654,0.9361986464797373,0.9421993404180512,0.013578550648002305,0.0027157101296004607,0.013578550648002305,0.009957603808535024,5.95643308078599e-10,2.3229141957397223e-10,1.7925329183710728
S040,0.3980899350719848,2.5669804095367044e-10,6.448242428114966e-10,0.14586656488819544,9.405829725554464e-11,2.8912187770294366,-49.50445764533124,-48.430483872021064,-47.22559323985776,-52.44077838833782,-52.674660307409525,-53.46577291835549,398.06617297617254,1058.0448281252677,698.4335541248889,333.9495368984617,76.93867252119288,83.179011508211,-50.86830388935433,-68.98942824277103,-47.83344742482697,-50.168353058328954,-40.931050979413016,-51.92644030366256,418.14718134339915,483.23006768682257,710.1102609922668,272.4143957805498,249.82145634434931,328.92707005921216,0.9747996535531422,0.9699894737726957,0.9665091562720552,0.9704327611992977,0.0027157101296004607,0.04752492726800806,0.0027157101296004607,0.017652115842402994,1.454540090720805e-10,5.998662814971741e-11,0.909163539192556
S041,0.2902843826002667,7.159229115002429e-11,2.4662811863568206e-10,0.30279824227789337,7.467856081918828e-11,3.1593195412432493,-85.08781876779277,-82.22723591149742,-82.9298551977362,-67.82580682587744,-67.54604528296998,-76.28618887973226,521.6067253871984,642.2699314080561,274.2274721551202,22.43958970397647,54.43044690575118,30.471519182294976,-80.95140442387343,-73.7171471818988,-81.20981349833578,-74.07320411869298,-66.16492898528787,-59.49696610218511,604.3367346217303,1028.1428682677113,685.8306579447849,509.6723048763844,283.85565921139255,259.7684607780819,0.9590367509293951,0.9664450306696547,0.9643127171466678,0.9632648329152392,0.012220695583202074,0.012220695583202074,0.013578550648002305,0.012673313938135485,6.137391926827158e-11,3.7357614790479035e-11,0.4468184698889058
S042,0.4854154998363687,3.3218630432867035e-10,6.843339457447254e-10,0.1974274319846276,1.351062935282886e-10,15.445044410172706,-86.19193678330657,-80.30076177620653,-81.21553509614584,-81.7395713498691,-87.76272776465574,-88.71562476770174,63.470438611931854,563.4318404666627,140.83272767556744,187.1441403363145,78.98895290319777,228.97175572755532,-68.45534259600575,-80.22918609294116,-68.36630508503455,-55.93200162635596,-70.91649426707171,-55.87908810451248,935.4032500110305,471.6663294554323,691.0211383933128,174.088694919509,624.4364468106639,262.4077760020769,0.7735334068373863,0.7408200545495148,0.7976003053182352,0.7706512555683788,0.0027157101296004607,0.0027157101296004607,0.0027157101296004607,0.0027157101296004607,8.833610201299647e-11,1.73827103200381e-10,0.32259809558863844
S043,0.33313483217928613,4.4726751508120307e-10,1.3426020694242298e-09,0.36544229987451193,4.906435880666697e-10,2.825928095626793,-72.6375103219413,-78.20095342756768,-72.41683674978337,-59.42279752930544,-62.8153409355647,-75.09855493946588,157.2817163331336,285.12310022234675,252.05285817569032,102.34345834975795,56.81805673779834,88.54378831285717,-78.09313984492803,-35.56869330856307,-68.60345156010919,-55.70342965948581,-57.11802077326317,5.155361774928014,270.8125120906699,398.4972344098483,484.37735642177086,99.01786707720174,94.10741288487718,231.47931114242692,0.9532055917999853,0.9658791122178947,0.970847590804243,0.9633107649407077,0.029872811425605068,0.012220695583202074,0.017652115842402994,0.01991520761707004,2.2291508315205888e-10,1.169844284687386e-10,1.0273321672212747
S044,0.6130917907459581,1.4311421229199341e-09,2.3343031900307157e-09,0.13011910224767842,3.037374354606886e-10,6.439412898562196,-77.39771736140206,-79.1067919386642,-71.85403898307833,-64.66373916802125,-64.76726006704986,-43.1998647467529,98.48910873370042,201.76736419884583,349.62217378316205,127.11499367579498,60.86988978467931,56.57199137482274,-82.18884073546889,-80.02700688815241,-74.3968629740918,-52.35759197666704,-72.94985812090246,-65.15787582230375,952.3883095380098,295.94120134720316,855.2801757938173,170.2619528131068,352.6853363804771,269.00997889873895,0.9055695751621027,0.8761205540553615,0.9046584245212261,0.8954495179128967,0.0027157101296004607,0.0027157101296004607,0.0027157101296004607,0.0027157101296004607,2.2098382283942551e-10,2.6935641726123965e-10,0.5982942559330906
S045,0.3111145896894705,3.0320911618625813e-10,9.745898335687087e-10,0.290921696327289,2.83529327605139e-10,4.805858592122227,-89.05138563270575,-81.29247088107311,-83.93619972871205,-54.931451515594354,-54.68147731900481,-70.34765534851208,257.75059651880747,214.2159120800938,212.58318074021122,42.739542430206335,70.21086194885147,35.55421957675817,-51.53674771423058,-67.76639758368131,-49.55538720642713,-68.52376198783104,-69.81536200250477,-70.52341495601353,343.94893357488155,503.17128966726256,403.51135384356746,31.673170407833034,34.460217565178574,48.84328305996816,0.9739809329076756,0.9764920973337887,0.9727852338855494,0.9744194213756713,0.0027157101296004607,0.0027157101296004607,0.0027157101296004607,0.0027157101296004607,1.5256118301395457e-10,1.524488445497286e-10,0.6043251387664891
S046,0.2182540769501248,2.0994360127621523e-10,9.61922930421095e-10,0.23730599487934606,2.2827007800083394e-10,2.4563755046405547,-26.956366346697493,-20.20921909431979,-25.000671631238962,-45.27677567851548,-38.21327765548098,-34.968108285570096,1772.8749484498205,2106.9797494262953,2196.6439059924346,595.8475310335507,222.68072691868372,274.2787897447228,-75.2357051709353,-75.41783501067042,-71.32426086655907,-39.8835734613105,-17.733902467746848,-40.533157781265935,76.14385431278149,65.66885854447708,55.79879722667258,113.72392597784591,190.49571194422435,98.02655117496872,0.9570844101784243,0.9675185546638063,0.963402243275675,0.9626684027059685,0.0027157101296004607,0.0027157101296004607,0.016294260777602765,0.0072418936789345615,4.450144027685858e-10,1.1116901743632172e-10,2.1073849192994443
S047,0.3717944088700514,1.4563962301948015e-10,3.917208530975616e-10,0.2544496755359122,9.967324397132528e-11,2.266999310815123,-76.212304664325,-85.41186916752082,-81.24718419367808,-55.8137313215727,-65.33721938029625,-54.86092168986173,1441.544678358446,333.4940153219447,802.9151687243307,133.54932468110204,137.36325664324576,185.7971710563608,-78.65058783504294,-72.81330472027844,-77.45578401720408,-49.693928289174366,-45.22140369840091,-46.624550450485366,496.33117152758996,478.0727174407886,376.7115007969468,555.9541305683684,133.1007436747776,294.42011018844636,0.9529755356911015,0.9623500321133286,0.950275311602946,0.955200293135792,0.0027157101296004607,0.0027157101296004607,0.0027157101296004607,0.0027157101296004607,7.18205850783593e-11,6.834517754622142e-11,0.4266269228807579
S048,0.5543291600734116,1.248340426502364e-09,2.251984049219136e-09,0.15835775770739843,3.5661914442717e-10,7.649582749678004,-94.1169976228753,-83.80013410205784,-87.02685849778385,-63.192207574120374,-48.977179206632975,-58.70642196064432,354.9754044211381,326.4776350581164,409.8008981899617,33.54402631586369,51.955851954171465,55.5850682473926,-91.65769520614138,-90.83921675028137,-88.82624493599437,-62.773935774530266,-66.71338387737448,-71.29508313933353,180.9325905168818,251.8192117324876,181.28920109525356,40.959020032436186,171.2497322110405,65.65647436476036,0.7682441464693291,0.7608103751837355,0.7656738818028381,0.7649094678186342,0.03258852155520553,0.03258852155520553,0.03394637662000576,0.03304113991013894,4.0801637159605576e-10,1.292113097076211e-09,0.293091396419582
S049,0.115519994548098,2.005593145843607e-10,1.7361437331167434e-09,0.3827611683294919,6.645284036756903e-10,3.915146628567207,-71.88355027775636,-80.65483542526157,-63.33398062839725,-75.15609973917277,-70.69348309600979,-71.85562954179359,953.699016382153,478.8619235925217,732.2892374648721,69.72038874160386,116.25953150745896,81.71101871043673,-51.00783862493813,-64.63063606163503,-53.44662462107289,-82.83753200958836,-59.129348611248645,-73.20906248063065,471.3119761777144,216.99909774952056,244.66143666680833,134.20053492593303,164.784977620814,224.7886821259509,0.9693731818544443,0.9798031820301559,0.9573937295637274,0.9688566978161092,0.0027157101296004607,0.03530423168480599,0.0027157101296004607,0.013578550648002301,3.341446023474876e-10,1.0313533393929915e-10,1.644935895039002
S050,0.4132068906070624,1.111900437990895e-10,2.6909048790482364e-10,0.24066201896289513,6.475986010288537e-11,2.3201923704730305,-60.3408736633136,-58.46003425241485,-65.45723025565165,-54.35219921492871,-57.332250350752204,-59.805260063884845,196.2228366118893,246.3028466756659,163.21698127486826,51.66215382891175,64.39651959854241,135.5711945027642,-64.69102888663652,-43.616202027081144,-52.10146341333991,-44.63663250478057,-36.21450572805735,-41.82886751063366,1517.295985949301,669.9325656830011,1386.1967450473571,89.41729167404232,162.99383211412191,125.42441239374452,0.9794448586933103,0.9807075300068567,0.9746953591668409,0.9782825826223359,0.016294260777602765,0.014936405712802534,0.019009970907203227,0.016746879132536172,3.892673885718837e-11,3.265749960419496e-11,0.29343790568443223
S051,0.1630308054365056,1.1099474795123083e-11,6.808207053510456e-11,0.27935778844398623,1.901925665737429e-11,1.323509658823383,-48.20239384231548,-76.10798240233514,-62.68865462114013,-60.4261128466797,-55.637048075743614,-67.26991148016724,218.758647844307,122.87668079733561,164.43630971758319,63.39328653740678,77.71977995492759,70.10906933821023,-72.08988127873776,-45.84578263130247,-58.01205360323218,-52.886481239859314,-65.21409765567799,-56.92161972676506,318.91554438786244,436.60132346542946,455.8930125468742,72.74568210401556,110.53897462072386,123.73633325081977,0.9910132277281813,0.9929103908734125,0.9892155166118733,0.9910463784044891,0.013780019469266543,0.0027560038938533086,0.02480403504467978,0.013780019469266542,2.8947896101656153e-11,9.817394592145269e-12,0.2636002812593285
S052,0.4266597030220606,1.7180203686130874e-09,4.026675958484546e-09,0.13412946982413446,5.400959114651206e-10,9.297887043054743,-94.66417734216192,-95.71322554177128,-97.46147786013701,-58.02873693201379,-64.78684915571192,-72.51497812956252,947.0215400696626,296.37122511650904,1286.4838858673681,72.64186094168755,148.06483854957546,204.98895373161687,-92.43769748652679,-91.33037033829247,-90.29761550650673,-64.47183710323037,-78.7037625986634,-54.77363468634985,119.11810775176295,239.69819057942456,24.731323480067385,37.86525683161657,123.05639400816781,67.98965679063383,0.87031358773498,0.8712645959273542,0.8770805003607681,0.8728862280077009,0.0027157101296004607,0.0027157101296004607,0.0027157101296004607,0.0027157101296004607,2.2671782096409074e-10,3.730918353178989e-10,0.4792258162978978
S053,0.24967156826966536,2.652256953881115e-10,1.062298351495299e-09,0.2513394198048066,2.6699745132443095e-10,1.4824423938879647,-75.05970610001769,-85.58255062684336,-75.48233057836312,-58.897386813184205,-33.80360024074383,-26.82003628555169,286.76213466511564,615.7084491520158,312.8581011031911,139.6415797986788,190.87024581002188,159.87056754185812,-57.226972828396626,-60.75280979401473,-48.08506657700039,-43.17177990004875,-34.15559915575459,-42.45450948409412,438.83369831133245,321.51379784815134,347.0075000766221,184.09650057140243,249.3665755451386,213.75139544417596,0.9596750574217973,0.9811343360419157,0.9658112519742414,0.9688735484793182,0.0027157101296004607,0.0027157101296004607,0.0027157101296004607,0.0027157101296004607,3.3313710461755245e-10,1.3647866334552961e-10,1.4087406445239874
S054,0.5298830421869972,3.0048438958946436e-09,5.670768182149573e-09,0.0574152210603571,3.255884087601571e-10,7.562212063851206,-86.62394292380694,-93.02931708552636,-71.39023279070396,-43.31049026067132,-61.53898172207817,-50.39518475593249,1314.1374285805068,88.10925131921681,318.3272448389022,97.08438792246237,96.39302767537792,172.6902846342388,-94.97649452454947,-91.96072998290646,-94.48390160230541,-73.9884123061322,-73.77442718126265,-74.44109383317418,119.38094409519489,340.47318292848644,140.71425586380727,28.439001810237386,75.63088674458983,117.26777782595235,0.8957645556631575,0.8419781305314796,0.9082645719833383,0.8820024193926584,0.021725681036803685,0.03530423168480599,0.05431420259200922,0.03711470510453963,3.934042875212086e-10,2.719984113609663e-10,1.057542923589185
S055,0.5419943811250877,1.709911533968145e-10,3.1548510344676654e-10,0.09587437732009108,3.024693784672326e-11,5.105648405212435,-71.29907313191666,-75.80518146978537,-71.29645197089366,-56.60946663023525,-73.43502453583982,-63.947886593389605,668.7713349137415,1657.0021014505419,1297.7509767373692,93.30085924143094,153.68641151545407,86.70431743480945,-61.738964133454196,-86.07802612067314,-68.74873934338814,-53.05128060806684,-69.09079317340914,-57.8382946838758,699.269111024919,514.3706851554642,448.9466260557604,193.35322138054312,139.7914229238773,152.1655285570445,0.9476737800884394,0.9476344814316227,0.953801450397092,0.949703237305718,0.0027157101296004607,0.0027157101296004607,0.0027157101296004607,0.0027157101296004607,7.866326236862005e-11,3.387001942143077e-11,0.5876092549219958
S056,0.5050290852664763,1.3359671797728313e-09,2.6453272073783914e-09,0.0999558976972578,2.6441605571648715e-10,3.990104926819072,-86.88323694277996,-81.05637380264656,-81.85770649932081,-54.65182687723523,-62.41673095263219,-60.13560041515448,276.5197407478179,485.30504416241723,674.4107032370875,155.53945469981926,225.35538348639744,325.83934332307496,-88.68265725176622,-58.557652681689895,-77.0410395591974,-13.539535284918575,-40.685655208152774,-11.974226841595296,430.8758492440843,154.37135913926693,646.5778249299171,181.202103472588,148.22208539273726,214.73215427652548,0.7999379299640298,0.868661987562016,0.8093158056317703,0.8259719077192721,0.0027157101296004607,0.0027157101296004607,0.0027157101296004607,0.0027157101296004607,4.3946913448827434e-10,5.44788596316104e-10,0.6815708854019916
S057,0.24165823092548339,2.136156489737419e-10,8.83957679221824e-10,0.25787859176618727,2.2795376149863106e-10,2.363844005871968,-38.502686116658005,-45.54750860195356,-45.722171314310465,-59.508710129961365,-46.43771511511784,-26.315150735905764,1355.2690919219065,1602.5555028509502,1644.973884298681,315.3690128767193,99.8857408912851,247.01359852936898,-35.86827929991198,-42.867272114199956,-56.32426106470939,-61.09775764448011,-42.05572269161969,-50.69515307737708,289.53610261307375,179.0491309038622,281.4635576273585,139.79705223769153,73.72145403174117,126.64007385157691,0.9613355995826102,0.9609815122931955,0.948488768384295,0.9569352934200336,0.0027157101296004607,0.0027157101296004607,0.0027157101296004607,0.0027157101296004607,1.618967335443782e-10,1.242601225631332e-10,0.7219149427638496
S058,0.18104647328119441,5.676718651786489e-11,3.1355035803263773e-10,0.2971673832839203,9.317693942429528e-11,1.5232825984380938,-57.45865696285992,-43.575983485423535,-58.94491282097846,-32.46867055204359,-19.648938120961567,-23.621777479216856,172.52915565041488,264.80925693265027,133.99331062858118,425.63908714279233,370.8775629554145,466.0889378668318,-49.93064924843626,-69.14842284095603,-74.32854199613398,-49.87866028493755,-31.24461679680664,-36.46477739410997,261.59238108965155,1085.6269861929252,425.8562334766642,130.17299499500191,159.8036828982914,206.603581607776,0.994423311941697,0.992722583709332,0.9950051112862281,0.9940503356457523,0.013578550648002305,0.0027157101296004607,0.013578550648002305,0.009957603808535024,2.6625610646981557e-11,4.901512972044015e-11,0.17867723027139953
S059,0.34503813535884603,3.5414639239922233e-10,1.026397827100774e-09,0.20863596247654453,2.1414349854100395e-10,3.986723770760314,-71.4482912219637,-78.17122826822937,-77.01099571644897,-68.82260732119396,-25.087180755935606,-39.06763818718669,183.9614951131343,1068.9269116710193,627.7639109346243,109.48888820719237,155.96033611164378,167.36856024709118,-82.36462308917015,-84.7476741964407,-81.73140559943985,-72.01295008597415,-58.82783496693782,-69.66918611875276,263.597031153641,250.07660258001354,298.6821579304409,106.06642059676858,493.32879851890186,248.14153850363155,0.9433826300325311,0.9529992402625026,0.9522913237870997,0.9495577313607111,0.020367825972003456,0.0027157101296004607,0.0027157101296004607,0.008599748743734793,1.4246229339940423e-10,1.5988538491539751e-10,0.5481735475266571
S060,0.6872225911341208,1.957470710640976e-09,2.8483794565172393e-09,0.13772583593844678,3.922954417187355e-10,7.97625256653172,-88.81481809737416,-85.55819154520474,-91.89354113784218,-78.91865684401077,-79.36749354390732,-58.69125935235891,87.91394104740712,442.6377380643468,524.6663133535372,95.95273654319514,31.310540975938306,76.08544306347956,-89.23851278913916,-79.51847832023364,-82.6832522542434,-70.8836672211271,-53.712657195510126,-53.8724624168562,248.6842102532714,773.3644219734338,844.9048828856062,193.34669587992238,129.31748558389907,417.2300608182808,0.844740364856958,0.8718060952725629,0.9307019278014874,0.8824161293103362,0.017652115842402994,0.0027157101296004607,0.008147130388801382,0.009504985453601613,2.2713024841889296e-10,3.24754495136429e-10,0.5347330069948756
S061,0.5350180412036516,1.1333935997172751e-09,2.1184212726124786e-09,0.201335740297985,4.265139151844329e-10,4.879016963065908,-80.94953778332359,-84.48076012065637,-84.20814814515994,-48.93510136491837,-35.04149392533281,-49.60783373432501,573.7149283105847,222.75991537710155,297.73971826013405,125.5005219361482,98.65836726920205,155.94145547804843,-75.80752312493965,-80.87254623573182,-78.59109059387039,-57.595213391762556,-47.38916308359792,-57.11846664265683,477.00105063669236,200.71154970059882,343.3080810049665,192.7430164632107,270.1060778010611,264.8652396006439,0.9263597320364817,0.9173158385581455,0.9058865937789511,0.9165207214578595,0.0027157101296004607,0.0027157101296004607,0.0027157101296004607,0.0027157101296004607,2.547526251735079e-10,3.992948711367589e-10,0.510224798811783
S062,0.38256192438151876,1.0823429554632412e-10,2.829196756088694e-10,0.15833352035733114,4.479566821750644e-11,7.961712925042924,-89.87259873191658,-70.94391320416676,-84.68358148128216,-50.020084733894166,-54.87272928904604,-46.8636931101928,118.99541207290582,298.8427427971081,636.1738464268186,137.07780747245414,233.83964812749917,299.9504234381077,-79.2524867760018,-84.54163103815937,-85.46307193653466,-66.20811176601285,-49.489586949943025,-59.72666860760852,148.61773219006747,86.82782373158173,278.4164499552932,68.10612477275738,164.57000591169754,89.10071484961641,0.925039124873346,0.9295655928222907,0.9326943418919531,0.9290996865291966,0.024441391166404147,0.012220695583202074,0.010862840518401843,0.015841642422669354,5.3666674280097223e-11,5.273047006856713e-11,0.3513815825748719
S063,0.2558720610634632,6.061357473632488e-11,2.368901648910041e-10,0.31588561682019056,7.483019585523149e-11,1.7010501260349074,-43.66582150883571,-25.800959800966027,-30.20013883752547,-47.40272625454401,-64.341860631531,-59.76504584096105,371.61098988061366,169.25411309233252,531.642469157482,176.37654179007146,126.13681562855233,83.03444006288208,-56.449247870259036,-74.97261116863451,-63.4097885881574,-46.12975209918781,-27.380571942806725,-45.38448306008789,351.25996954952655,420.20968409711566,151.57149766886607,99.91185143759053,96.05146291782607,94.02499658986376,0.9941510547070226,0.99541132049068,0.9838002636167862,0.9911208796048295,0.0448092171384076,0.008147130388801382,0.059745622851210135,0.037567323459473036,4.370004236810835e-11,3.521053825628547e-11,0.32319997340205014
S064,0.1640505619450165,5.076489903172444e-11,3.0944666345452023e-10,0.20526282998166773,6.351789786905954e-11,1.944330999124233,-80.62222977560782,-79.93194565862694,-77.36912265799225,-55.470103338967334,-54.13246397071288,-49.20438793924743,434.0163066952163,265.8620260122736,274.7116178657335,42.11947712137206,94.04759294571667,94.43069509249088,-77.47534432349434,-78.16095303425047,-73.2606487903152,-53.6643004193861,-55.15374720033701,-58.16120348125315,485.123494859116,324.5625806249523,1025.7293971864792,116.68795231468536,102.15991477263739,72.83810512239761,0.9727921000919485,0.9760311025759245,0.9726189256729714,0.9738140427802815,0.014936405712802534,0.0027157101296004607,0.0027157101296004607,0.006789275324001152,1.12795607256041e-10,3.491762684320324e-11,0.8360331403333107
S065,0.4234254425795115,5.111737791301624e-10,1.2072344449027137e-09,0.14844937810298361,1.7921320257030848e-10,2.8547260239285706,-70.29288500208735,-55.713945678379,-67.44134046994303,-53.673667234794046,-60.54860820024663,-50.758687077523234,320.27909407650526,690.293802802344,204.1533592115234,127.15430895282572,127.42843590059161,85.48003654881394,-52.16941331966712,-64.00309568177882,-53.10152319702986,-52.39490272014547,-68.1536478610021,-53.55672261810442,477.19472390953985,360.6851715038352,644.9498296856999,204.6398661314118,74.73508209088145,208.52274901279353,0.8990956946950415,0.9172599721193919,0.8893384714320482,0.9018980460821605,0.013578550648002305,0.020367825972003456,0.020367825972003456,0.018104734197336405,1.8031914771466216e-10,1.918835137560248e-10,0.6177777750934731
S066,0.2437274089569272,1.2318022723301116e-10,5.054016196216168e-10,0.1317013209312906,6.656206090498061e-11,3.381273442267414,-70.36639957210227,-83.56522538953048,-75.2224285634971,-61.88808565739748,-47.06750676221633,-50.433045630252536,2691.651401834613,3366.02390537647,1344.174301551438,1242.2443467566131,530.4430483949201,532.0112112526983,-53.02514634614941,-84.2194413979045,-73.1866439418456,-65.26002459857118,-62.110149078681445,-69.13446107357083,1550.820037094964,3429.7306409530142,2228.4115142227547,367.3661381878657,534.011868349495,494.8958928359613,0.8902322406759896,0.9059997578793505,0.9194405556853121,0.905224184746884,0.05702991272160967,0.0027157101296004607,0.05702991272160967,0.03892517852427327,1.2036982227323097e-10,8.416952452434807e-11,0.6535816530129419
S067,0.17362759512927398,6.4564604316926375e-12,3.71856813825331e-11,0.31698059461776146,1.1787139395901963e-11,2.0215591157082855,-72.13142931909543,-56.068284789590535,-76.05663344474266,-17.318178208237743,10.13060635544935,-9.010567502951353,331.35840316798266,859.3902172496568,347.0208788129483,677.5182416543356,582.5417521355917,1177.582482090048,-82.3828710183288,-86.0928911117489,-45.60858370964405,-32.974944447911064,-70.61506252309687,-32.130796677014004,892.4181851656858,156.3410102330519,495.4471173917188,829.8914015507487,175.14529769851342,441.1297006046984,0.99850197889482,0.9979105519125343,0.9968188422627849,0.9977437910233798,0.0027157101296004607,0.013578550648002305,0.0027157101296004607,0.006336656969067742,1.0368521598808133e-11,5.645914294151478e-12,0.09814408506077106
S068,0.17229941160776022,1.4680530858315805e-10,8.520360412916586e-10,0.2344858016380175,1.9979035416675754e-10,2.361480611101051,-59.60966662089129,-45.53988648992953,-61.235529733402416,-61.997378587861505,-45.769129617158406,-44.89872578938894,233.23705737904365,258.66011594179963,259.42797219331044,305.47873672115026,461.0065519371444,187.5418033342136,-64.48126827569679,-53.957554480661884,-51.53046889975356,-53.59296272964975,-55.03342505878415,-53.35830555207577,588.2242004990592,768.040729243859,388.00999196935703,176.78587071376063,69.88054023624393,183.72271501526123,0.9480559250501929,0.9517835252824509,0.9557956418059386,0.9518783640461942,0.012220695583202074,0.0027157101296004607,0.020367825972003456,0.011768077228268663,1.7179358845512463e-10,1.358772693718939e-10,0.7283176921311045
S069,0.10045109707999703,9.282455551923658e-11,9.240770705103715e-10,0.09741430353401416,9.001832423551994e-11,2.2600764760162946,-86.26157540892892,-87.3105337193722,-86.4258419217327,-68.38460709832471,-63.73852627252975,-64.10642096144655,327.17507182681254,259.71080203052395,286.87630998712245,72.60893432355086,89.35804025032698,139.42400681192726,-84.52879565668225,-70.72682414183751,-76.03197915499624,-49.23398418048051,-61.059488377289604,-47.69703220256775,656.7467039979604,714.1894697070425,1768.77170235085,114.2259132912647,63.13843366550406,136.65393744971206,0.9879282128055852,0.9839763214518554,0.9717887963733729,0.9812311102102712,0.015158021416193197,0.0027560038938533086,0.0027560038938533086,0.006890009734633271,1.407439033236216e-10,4.88883797780936e-11,0.9452981054222586
S070,0.30604472789530385,3.8199132241945085e-10,1.248155212626724e-09,0.1643062943313034,2.0507975773699708e-10,3.487739434226725,-62.36314605304985,-54.633058386702956,-65.83586591336947,-66.18692940012139,-78.43805664057993,-70.87526688398691,548.4569031815896,483.46325045859027,547.3868731573674,398.865145792822,204.88497235474972,294.174568832191,-63.107337468223164,-59.92588267820782,-68.0575961625757,-59.83436967565442,-52.92474614681115,-52.857278987567604,70.26505837381553,132.92150890836777,110.20168826805528,241.96261031664736,220.61792268503862,293.8828810830517,0.9403777183246468,0.9420611498504962,0.9342202039119895,0.9388863573623775,0.03258852155520553,0.0027157101296004607,0.0027157101296004607,0.012673313938135483,3.581774088657658e-10,1.7061406222546855e-10,1.3235727881995347
S071,0.4352433892398188,4.324184204129761e-10,9.93509450351959e-10,0.1885762852983975,1.873523215562251e-10,3.2874211798771853,-65.90739827494939,-71.29841764723508,-55.251343840466994,-74.8405871152395,-46.30571864151633,-69.88752201505258,487.96993157991733,366.6473606815618,440.115753035971,233.37026761536274,83.4303400794391,162.8790964802829,-65.84971779153096,-63.911755527394746,-58.772384397626055,-60.89742568520654,-60.90378995242665,-60.933283505396695,646.614727689917,224.59263107011895,988.3708676422755,122.28923121658848,204.37636582888214,105.96035781326995,0.9545793537746372,0.9538484801155858,0.9529022206996235,0.9537766848632822,0.0027157101296004607,0.0027157101296004607,0.0027157101296004607,0.0027157101296004607,1.672400857411326e-10,1.33429892710943e-10,0.7164467403848167
S072,0.402498678675107,8.441127152977214e-11,2.0971813325605495e-10,0.14379847777776725,3.015714832461565e-11,8.48103918439623,-90.28865095165919,-96.83974508249197,-81.98269021155988,-48.986979760539754,-79.13650706511889,-44.6883775011309,99.40148183123702,19.13939820196718,65.83652430914589,140.68743543344272,63.88113659183975,183.51704829704667,-94.10697186558404,-87.39780953449116,-66.89605155084706,-49.42447600953328,-57.86057470580908,-35.90272380708568,1797.4863171903614,288.1440290688771,368.83414023286275,149.33696998492775,84.66652087341798,112.71996723910488,0.8697263627407121,0.8524649051965347,0.9653880790649334,0.89585978233406,0.03937779687920668,0.03258852155520553,0.03937779687920668,0.037114705104539625,3.888132296655715e-11,5.187719240185263e-11,0.2560050153131674
S073,0.3025914417735669,8.843471239081705e-11,2.922578109693991e-10,0.27316313925728297,7.983406111686265e-11,2.0823489671782127,-46.32115175723494,-65.74653989056975,-56.86679388526975,-56.984827329674445,-60.35415844772002,-56.68841207278349,621.5109715810808,335.5639372782326,261.9168562919247,62.24374909639414,100.85786684056366,68.31568407067358,-73.47144256359374,-56.266597792685516,-74.03294095726604,-42.948086648285766,-41.62172320599939,-39.7963619283074,823.0513782764904,507.80804113582303,1141.5531680256786,65.64009952227767,89.12986691090894,101.9665330497805,0.9706139806704782,0.9871692519231295,0.9622167287518101,0.9733333204484725,0.0027157101296004607,0.0027157101296004607,0.0027157101296004607,0.0027157101296004607,6.71670176910476e-11,5.644916895282504e-11,0.4293216649255633
S074,0.22497937874556162,1.8733209374895306e-10,8.326633969454356e-10,0.36036012604395584,3.0005868667544557e-10,4.62402212809009,-74.0763276113661,-87.59847091876829,-80.12856181728878,-45.71404913134012,-40.92509296515626,-42.9519354273338,149.5944211193855,212.20608756229186,654.1448643416887,332.4463916745459,141.31925873444175,332.90002157937397,-75.94666767199486,-67.29892021977396,-81.75767583890976,-59.13884308286145,-65.98909373984834,-64.0321402842591,968.4252961150579,312.8049279203392,271.67945936479015,190.53989560019542,369.9078219099644,246.04028664059848,0.9598818143157446,0.9615647367280511,0.9506507342766707,0.9573657617734889,0.05702991272160967,0.0027157101296004607,0.0027157101296004607,0.020820444326936863,1.190168203549121e-10,8.290326973795486e-11,0.6507090907966121
S075,0.3095400269415758,1.0131139716740433e-09,3.272965960764951e-09,0.11026523790103948,3.6089437030575155e-10,5.858020395007074,-87.10979438869813,-93.38265443323964,-92.57866465249008,-60.53505694913333,-82.06863288959718,-76.78782925891757,149.37889881504978,343.92055119518454,567.8839729848379,109.57879782869419,942.4903437792339,383.19392974730425,-78.14618069309878,-85.90370218909501,-83.25223183439142,-41.57056628264848,-51.923411911679395,-60.91625877537723,1966.6253671301843,976.3922615642728,1071.123248714009,215.59524389147123,144.76099639206123,105.56411520838913,0.8718771424678055,0.8755249943654325,0.8592803219189387,0.8688941529173922,0.03666208674960622,0.0027157101296004607,0.0027157101296004607,0.014031169002935712,5.954721731905054e-10,5.432135962949882e-10,0.9257767196161883
S076,0.20217762916371793,8.532367880254132e-11,4.22023342322649e-10,0.3791815201934293,1.6002345249901408e-10,2.2091275416698863,-84.61340549230216,-77.66695792671344,-80.6429498395482,-60.978361881557795,-41.350157438576915,-50.79945765613012,152.736659474279,110.51764635126457,65.33425724463719,78.3254552434864,114.49668190583797,72.69830367734016,-78.29432471817364,-81.5695636492909,-79.44417599803921,-66.50997657483974,-66.31550137752025,-65.80877869369266,130.94369678028167,223.137544708622,154.61543991132336,214.48259429899701,225.71515724190996,183.22058386279457,0.9894947333408568,0.9904645389902944,0.9892150996676575,0.9897247906662696,0.013578550648002305,0.019009970907203227,0.019009970907203227,0.017199497487469587,9.958145324062945e-11,5.866993896051133e-11,0.6276012576359066
S077,0.3116909571791939,6.282903566037221e-10,2.0157477852092847e-09,0.11309028831391166,2.2796149819744688e-10,2.485436462709167,-71.0771401675188,-81.55633027174285,-60.55455424133104,-67.83616531406305,-75.17401555171496,-70.96357096502325,462.47984479083186,147.30974410249044,683.8472305196735,74.12778203639724,46.465484319641455,75.58421646459206,-46.19251263476365,-75.80213970836144,-58.60094060560333,-42.10796034246076,-63.6936133207897,-54.63919616932198,693.90653015403,188.6155916089609,207.63524607091674,246.27073231497988,227.50741254953417,196.05453980936744,0.9520944460074874,0.9538799097558351,0.9562543052871558,0.9540762203501595,0.0027157101296004607,0.0027157101296004607,0.0027157101296004607,0.0027157101296004607,4.539189380846292e-10,1.6651289930648257e-10,1.7031781173287033
S078,0.6745575037795609,5.084437704620322e-10,7.537441472568466e-10,0.07359541881909346,5.547211619980808e-11,2.888759037249045,-64.56358632668416,-65.14991272513093,-69.611084205328,-53.157558676180386,-49.097181788042036,-37.953141143736744,484.6846538237146,661.8819672557563,765.4572765917466,580.6046470138773,170.15584820025194,174.92528064502628,-93.97546598646632,-89.99078715025367,-91.2802443328069,-73.4852165232266,-69.03506683895625,-60.8981192414934,2304.8789007766964,3039.2268436230215,1650.4017845674855,97.66874181224416,138.29217487199966,154.9804465957662,0.957820458710237,0.9495865114918443,0.9437592348451127,0.9503887350157313,0.0719663184344122,0.008147130388801382,0.0719663184344122,0.05069325575254193,6.988112036130066e-11,4.151337343319481e-11,0.49381283666656367
S079,0.42702731425933393,9.90036102752064e-10,2.31843741534251e-09,0.22415789274256495,5.196960454786959e-10,2.667765911004672,-77.42404487126977,-34.99953809455808,-77.32832672988256,-69.69243220040008,-55.20212404126434,-63.70944818973805,223.19012917224632,228.00996359047673,152.29304301661716,133.4482515081228,458.6947836406919,230.87658818142302,-74.42371189795212,-71.63167834194051,-69.08932611126718,-23.67114567031828,-49.30840921553863,-47.671448100045346,228.0584463741286,255.78678865809175,285.366946098211,103.07616134750077,170.83226638000048,140.7647088710094,0.9594169356168847,0.9644201482829886,0.9553820404167709,0.959739708105548,0.028514956360804835,0.0027157101296004607,0.0027157101296004607,0.011315458873335252,2.397781363892364e-10,1.8593150219797932e-10,0.8385859359533379
S080,0.4272885981292826,2.8373230389445873e-10,6.640296631753587e-10,0.17538929534542655,1.164636947127871e-10,1.7159288930300391,-83.94105834164701,-88.32275952280987,-86.45015377547948,-51.274349310653186,-39.372877079015694,-37.767356582147215,1414.060202350552,166.9549609975015,207.51954568972496,83.80744144003872,105.74217635118828,99.22553225986259,-76.36218369487854,-65.41608207993366,-57.1880837414396,-49.923821737852506,-48.83747931728587,-45.72016092138653,475.8620386377675,952.0189278131115,1510.6018298329172,283.1047372457346,102.06233844253796,104.38573680039653,0.9710602339907639,0.9721110555557592,0.9687088011749633,0.9706266969071621,0.023083536101603915,0.0027157101296004607,0.0027157101296004607,0.009504985453601613,1.101235288624583e-10,6.300610449825016e-11,0.6755791704944427
S081,0.4672952134138402,4.0045140211455993e-10,8.569559255466139e-10,0.20127983252361728,1.724879451741439e-10,5.848062426848017,-74.1176284747134,-73.22843813015555,-74.05558990646888,-54.67306771118084,-64.55018159656751,-64.14778202486085,427.89062079757116,542.6474218057144,538.1963189288982,280.61934214346167,112.7108875651034,116.10421673989613,-60.95684637139014,-52.46768170222046,-53.583327865980635,-54.039639964575905,-66.33254825089031,-66.22020722738303,335.3897619885774,402.0858668653119,413.5799302846921,217.5061015185789,73.24793752388604,73.38271941143041,0.951334181843832,0.9457282150034244,0.9451777155955597,0.9474133708142721,0.0027157101296004607,0.029872811425605068,0.029872811425605068,0.020820444326936863,1.6640888750234902e-10,1.0894577447328563e-10,0.7964214060889032
S082,0.5358450180270999,3.626766385566585e-10,6.768312223784013e-10,0.1405953701823404,9.515933626125728e-11,3.080843333970982,-38.03531165808543,-83.44306748625736,-55.77991604866052,-62.557338503662585,-76.27040627207762,-67.44778733006555,278.32176128956564,1336.9598792984473,355.6701278628037,120.48123302142801,155.08796697560885,101.93749957781499,-66.54709607330135,-80.26599851452832,-75.61494379697102,-67.99457041883865,-63.30760742988185,-67.07399956514065,207.2244664339097,168.74473533542286,932.7109524165384,420.95724388774914,128.14466750608895,92.84376581991819,0.9129385040385682,0.9106200829272946,0.910410761924022,0.9113231162966283,0.0027157101296004607,0.0027157101296004607,0.0027157101296004607,0.0027157101296004607,8.196079556701589e-11,1.2657129671552427e-10,0.3617439488370995
S083,0.1882172177746568,2.6908235023759e-10,1.4296372745226159e-09,0.32586811559573264,4.65873204634104e-10,5.002413775914327,-90.68684618863277,-85.40759826507905,-87.71098004298064,-72.46477018118756,-73.68051071449658,-76.72173832136984,123.40146767246493,254.1510819821108,219.9929203560203,86.91710481614908,380.91502564116905,114.28067486850217,-89.28875862698354,-85.50535840018355,-89.1038505851034,-75.14864683887129,-51.8573872007128,-70.87107677104547,193.00752075770995,213.08098220430196,482.5074524272804,373.28818400468526,270.10576982886397,206.0361315596479,0.9655541279569833,0.9685331054532457,0.9626196163832816,0.96556894993117,0.0027157101296004607,0.0027157101296004607,0.0027157101296004607,0.0027157101296004607,1.1666416595802134e-10,1.4629424571879688e-10,0.4736780009518414
S084,0.5948166315813638,6.6935104812522e-10,1.1253065442129634e-09,0.15297434611012314,1.7214303277442045e-10,5.724428680694579,-74.14906227339029,-48.526952046851314,-35.9103411074935,-77.34727793000093,-49.20663676678662,-62.103361244305134,408.7773168459028,631.0794844514152,885.6227909680645,161.70549853992406,209.56654547107286,215.58623568292515,-81.41599620699435,-83.36782391702971,-82.54937804535794,-74.90886246008877,-56.64844322218357,-59.04610133922205,199.25144918373996,788.431312184636,450.00118391894085,164.10337610359656,254.85088294808628,244.15921175590006,0.9285899802786582,0.8713205082841367,0.9392167917618369,0.9130424267748772,0.0027157101296004607,0.024441391166404147,0.0027157101296004607,0.009957603808535024,1.1345631813628848e-10,1.6528557613124152e-10,0.4276761661559753
S085,0.6101064916106017,4.1821099965537945e-10,6.854721354486114e-10,0.15175314371316875,1.0402255148210579e-10,6.632948564900708,-86.01774356571842,-78.96261733553467,-78.94935496660572,-71.96040820513757,-66.81670994030904,-51.521271365329525,217.3547969184885,471.33985657764333,731.9081412354992,20.55859942766009,70.39995658908369,51.21788789519185,-81.21743958387982,-68.51918275876669,-84.49537343250675,-61.59939528732149,-71.89354436937249,-70.57629788547297,517.567888452277,174.2556906935131,766.1380385452127,249.50414577787572,149.12346633329707,44.751246836303196,0.8904764644455992,0.8451767243082139,0.9483108753039546,0.8946546880192559,0.0027157101296004607,0.019009970907203227,0.014936405712802534,0.012220695583202074,7.169942218240731e-11,9.907999234104463e-11,0.3601538323327779
S086,0.1951690183859265,1.457835002153077e-10,7.469602574269034e-10,0.13357353379666714,9.977412119017968e-11,2.4891103545012356,-85.35001814510343,-86.06537324620409,-84.76418176182125,-86.62149717410915,-79.6136249835077,-79.11115684744165,673.1225274836778,490.412210062577,703.4189288747064,50.07791755143941,248.50467099934352,34.1010397433704,-41.68228554517208,-31.30253562518202,-46.95938169774665,-46.370146040209136,-67.51412513936947,-50.75098260900401,1019.7702563441696,1253.6606521843973,1410.4504904691003,2227.419458966513,3119.2214015527134,1004.5303524255139,0.9554352009198144,0.9525038630796027,0.9437869263404539,0.9505753301132903,0.028514956360804835,0.029872811425605068,0.03937779687920668,0.03258852155520553,2.413136918967692e-10,9.210222225512374e-11,1.2561733490843723
S087,0.30507989946227165,6.244655974312985e-10,2.0468919733223015e-09,0.18174505792851153,3.7201250026486697e-10,2.3147542701973265,-73.02666202283713,-88.47417535229377,-73.71273285176142,-46.427461523553404,-64.93240166061244,-63.97341972747782,422.5589840607105,442.00949222017243,489.1339388510297,123.79734609759869,173.90988248298777,353.2296340487796,-75.50330241621415,-61.88216173324273,-78.54050220137788,-56.97367145937734,-63.337963784788855,-57.383210973883756,414.56367165821496,484.5472015291139,487.61279229235095,382.5484171970961,220.4084388165081,164.54991555563555,0.956518846173568,0.963090872479097,0.9509243548061947,0.9568446911529532,0.017652115842402994,0.017652115842402994,0.019009970907203227,0.018104734197336405,3.4402821185329277e-10,1.4035772976300587e-10,1.4313174458441864
S088,0.20833800168115232,1.323224455307144e-10,6.351335064316554e-10,0.18629171956449056,1.1832011306617752e-10,2.35376334224177,-52.885008963982386,-54.68889895958151,-52.25296061049494,-56.03379177923994,-54.63359791358309,-51.940607868100344,423.3044987867575,258.9859487990813,279.0402157114683,301.2128797348401,83.8230943753252,161.0111603174683,-58.13209914180347,-59.523445881592295,-56.875353189417446,-59.298217542819245,-42.341982198663814,-36.85435404689186,345.8945522567798,383.2161587504756,144.84956535096367,165.6737959545636,140.08915451923355,116.58465087188196,0.9569940369079089,0.9544507462579427,0.9536956718063285,0.95504681832406,0.0027157101296004607,0.0027157101296004607,0.0027157101296004607,0.0027157101296004607,2.4252713372590047e-10,9.239383933546773e-11,1.2605764018411096
S089,0.2564424356307132,8.689253786980785e-12,3.388383738288011e-11,0.2360368739804338,7.997835054316384e-12,2.172546870668782,-74.08798857370691,-85.8476596623168,-85.75338488985419,-67.9766926227837,-67.71020229009035,-70.66267152162156,380.2627329136436,170.09293777466786,251.05084700048107,59.08849110211948,179.67585016028156,105.39206662682534,-46.94002723366471,-50.048262151583536,-47.473413592791914,-39.44910557039957,-40.553086009954306,-30.65710780448385,306.1025042332969,452.9382416695115,289.2337612833064,110.35092753557953,78.23762989743824,183.00030988294904,0.9955488904013988,0.9953074521850053,0.9940235876577596,0.9949599767480546,0.0027157101296004607,0.014936405712802534,0.014936405712802534,0.010862840518401843,1.1716561642686245e-11,4.473451682443976e-12,0.11214869858325098
S090,0.3896738860991306,3.6838943504869806e-10,9.453788108217805e-10,0.24464195453107543,2.312793200517042e-10,2.0783310596938236,-56.54819497418623,-60.56597709776083,-67.53184478489094,-53.72775668866526,-56.2920871328064,-64.30016626435344,412.0452085698936,438.7429699816178,468.9684668214037,104.8277714217039,91.18867528975177,114.99481400453118,-63.28072220248717,-73.9302017121933,-64.96095775972942,-29.594014441567346,-36.50157348897298,-31.80407731904876,92.8047202787175,155.1974784298455,151.58897685790637,151.08903004131383,101.50678858921636,135.47745959029635,0.9836069507637393,0.9283468057103347,0.9185606759896172,0.9435048108212305,0.006789275324001152,0.0027157101296004607,0.02579924623120438,0.011768077228268664,2.6371847209556184e-10,1.6751547711957059e-10,0.9858064099135782
S091,0.3414991225261015,4.248820310513786e-10,1.2441672702069797e-09,0.3437131021377329,4.276365920210759e-10,3.285445698019565,-78.02121890627723,-72.96158127554558,-68.38668317223517,-48.70261788637455,-48.01608229513029,-55.117663123924366,288.4876831375721,515.0828766322035,382.0967996572469,219.68794902625913,92.8121226748162,215.7179699208511,-42.71666049970028,-47.3372496039823,-46.54963226212661,-48.606966796094916,-44.77829534679606,-53.883423728429534,425.8673365326933,607.5588557346927,440.59818075383095,152.4772623156733,101.6017591494911,118.81711852603385,0.9858837027417705,0.9838558317278682,0.9775407924335462,0.9824267756343948,0.0027157101296004607,0.0027157101296004607,0.0027157101296004607,0.0027157101296004607,3.617232450153868e-10,1.6343927838266982e-10,1.3730801543190931
S092,0.5844103620839797,1.5493604890915528e-09,2.651151638664665e-09,0.13337810859925936,3.5360559117492014e-10,5.755603482745059,-44.763469055151866,-73.05089979938722,-72.45072684285027,-53.699393851209756,-47.43687528480392,-49.0308379650785,307.78350159166615,363.1517140534396,170.30345586360366,80.87079808754027,98.38066886128776,127.75356839054484,-64.44193464867915,-57.60818229515636,-65.13232083632725,-53.520835985122936,-52.43734477442461,-39.42883046827457,296.5298158058935,145.7721866685695,265.42143211954954,88.8575919197819,121.35971199323738,233.56301785120414,0.9356954972292919,0.84986309062915,0.9327307176840113,0.9060964351808177,0.013578550648002305,0.013578550648002305,0.0027157101296004607,0.009957603808535024,1.8461958867492683e-10,2.558543566147922e-10,0.518806599506593
S093,0.38009230151312023,1.1239326253765306e-10,2.956999183888322e-10,0.1161738008195976,3.435258342127546e-11,7.638877138682069,-75.51437119405726,-80.3242691720458,-73.91400842042276,-39.44383962837756,-54.97332665773131,-46.45728512213035,168.64020261366684,203.5434214488065,645.5617730575656,93.11763908345696,117.395155021395,128.25789122238535,-74.14234525644905,-77.19533398510701,-72.52383601679853,-53.45227632441679,-53.57363885161097,-43.89694987446141,314.78894992651465,379.3280510167529,266.37673432088815,133.36750873029283,204.9653307517786,112.39146171891232,0.8955742906859349,0.8884814997922982,0.9585826820978612,0.9142128241920314,0.020367825972003456,0.03258852155520553,0.0027157101296004607,0.018557352552269816,5.83866164956612e-11,5.024161781284962e-11,0.38861812955443037
S094,0.28305466690861236,2.3076463821618625e-10,8.152652656693042e-10,0.17806052590704893,1.4516656195882628e-10,3.5574617789660863,-73.48991271993145,-79.23774951825348,-76.91908149082714,-69.19056222764584,-68.5217946163755,-77.61248672799735,78.85093696339096,193.24775036590736,1036.6790546955888,91.27896272797082,83.25688561802652,153.44353365896305,-78.44174761324373,-75.50538663113187,-58.79033243540985,-72.04392143213855,-76.97003128896374,-71.10026194771518,402.98846644194174,828.240003717231,107.98856398102066,126.13901585984743,10.921200128029428,43.52014363105005,0.9491810395533666,0.9139618915796205,0.9134826140077286,0.9255418483802386,0.0027157101296004607,0.0027157101296004607,0.0027157101296004607,0.0027157101296004607,3.3320386826416807e-10,1.7114023715296034e-10,1.2288986384421996
S095,0.3291251761245081,6.740483908511607e-10,2.0480000916009177e-09,0.1957903312277284,4.0097861628896177e-10,2.911608595961532,-33.31599683903074,-52.597783942227984,-32.600974242831924,-51.79928287424226,-69.57593333005966,-54.84596082855566,276.73681679933827,618.2852815506143,206.12570997856133,224.67887967674795,90.77553019492505,241.82281693824632,-50.2679393482074,-67.7594861279461,-73.66897099116117,-68.85892092969755,-46.41192515373613,-50.85182479785222,129.31260340869747,140.85581127547425,248.6020215610104,171.2258454910477,328.9533982616341,115.8280239732423,0.934385332790828,0.9347475059276146,0.9370103230667992,0.9353810539284139,0.0027157101296004607,0.008147130388801382,0.005431420259200921,0.005431420259200921,3.9733423751228055e-10,2.7504217411285286e-10,1.0594388176533975
S096,0.22862160494197503,3.470919301611716e-10,1.518193918065026e-09,0.18507852851649628,2.8098509635816914e-10,2.8888404130310192,-66.31129832738586,-74.89862144813718,-72.25153884678348,-50.78790727159461,-59.52914813624547,-48.99394640693539,762.6856295858356,441.23710505715457,732.8837868962745,8.712632256148174,159.29600575055235,-3.40542676888758,-91.21754020343535,-70.15126614777147,-81.05754127500431,-60.74595042270071,-58.380134977627996,-59.50466863923422,462.7949600984732,279.9617711860834,284.6124304702772,46.856822609412006,49.68169385632732,72.06883271856493,0.925696527739947,0.9287117553084381,0.9247711110597319,0.9263931313693723,0.0027157101296004607,0.0027157101296004607,0.0027157101296004607,0.0027157101296004607,6.443658797743723e-10,3.2539162498629476e-10,1.5147592052267893
S097,0.2573850586291625,2.0701222262316196e-10,8.042899759827273e-10,0.20981371344129798,1.6875106654454837e-10,2.1256985286153878,-74.92429597315741,-87.82659989688409,-78.52280892739941,-50.59697790360318,-60.73987622168813,-56.77430408651257,434.53999631910955,263.3425898612626,840.6589120754338,266.0065803821633,265.82457954871444,330.53327359597495,-67.76903474286183,-73.87042484248383,-65.73193890456301,-47.40547812927365,-7.430875247160299,-18.312326672753677,2416.0533217115803,1813.0212208629346,1197.1602906518917,220.34755067136928,248.570419105868,252.09957678773037,0.9574328676261603,0.9581809349919981,0.9547637134299867,0.9567925053493817,0.0027157101296004607,0.0027157101296004607,0.0027157101296004607,0.0027157101296004607,2.2531492219604297e-10,1.0862184997337084e-10,1.080015934212082
S098,0.48474050350264064,1.7472362898639982e-10,3.6044776065519765e-10,0.19708185160985567,7.103771207855244e-11,8.274907440275925,-89.39061953399188,-85.23528333689721,-77.95375806850973,-26.397170824609262,-51.8447216132477,-52.87258403813776,1385.9480850494026,992.8344591959203,619.5761886435115,387.73709646478693,202.02150598474287,219.28860288596042,-76.62818825088665,-78.57244938919492,-79.50374433062954,-36.575242346984886,-60.21462769073346,-58.007994987621736,1925.8633906226794,704.7700393001836,1356.6495554557746,145.52779010168842,288.31457745473364,207.65043547239284,0.8212316996798792,0.900783114362148,0.8991978970526051,0.8737375703648774,0.010862840518401843,0.0027157101296004607,0.028514956360804835,0.014031169002935712,5.224715273643565e-11,1.3287899000181435e-10,0.22435322626583273
S099,0.39691854649306396,5.173818680033437e-10,1.303496328338955e-09,0.28280041948184537,3.6862930844730173e-10,2.5775148183384147,-77.30792046692886,-69.79357741367784,-75.68554988798148,-57.00977983812987,-47.14538096698658,-51.97963258828078,203.23892792232795,1042.6179565275215,460.41307584413744,280.69446638763463,194.1193720918021,199.35032151050422,-85.174144126471,-87.21217783051483,-88.45110406759835,-51.618245915849315,-59.05380481784414,-59.52997028415321,244.61509997660914,190.30836937503528,189.3842647229865,70.26151456658657,92.6885336064091,50.97195148056023,0.9320810059092806,0.9449303824898068,0.9169887627269195,0.9313333837086689,0.04345136207360737,0.0027157101296004607,0.028514956360804835,0.024894009521337555,1.9311522486232404e-10,3.541860275890624e-10,0.42518970891163227
S100,0.5357042805088815,6.437399603383218e-10,1.2016703688214211e-09,0.15446412180987332,1.8561495822494737e-10,7.753487611591055,-88.92834144607514,-80.6161248649512,-66.763974889789,-62.90724649831907,-42.07986890442703,-36.70095955391133,131.08446468851582,87.24621402055239,97.36971087057722,32.217716770147135,75.31264735380044,52.075673779198326,-83.15593300929656,-74.89963282539519,-82.47560856950254,-49.92823376398192,-56.193703195091125,-34.026119451829345,389.4581001303626,627.7618122949686,684.4542525873876,129.1845586313863,101.22733218366898,120.83190432689383,0.8115073205789214,0.7912338551365322,0.8098928192319029,0.8042113316491188,0.014936405712802534,0.014936405712802534,0.0027157101296004607,0.010862840518401843,1.455076981205694e-10,4.081194796149305e-10,0.28636512465698005
S101,0.15361605640259982,1.2078338405738791e-10,7.862679649895228e-10,0.268252779474767,2.1091856702040826e-10,2.4252323878259787,-63.727486508698085,-50.53238389011736,-63.40412570692947,-62.366282759761596,-41.71392467266706,-52.22008166439643,685.9232840125001,258.88172871612414,257.1079382887785,245.00398905353293,180.08663590471375,218.88841406784684,-41.47300246618704,-55.3528206399922,-44.704448401837034,-39.82164950251132,-40.82913076553555,-36.19283404781068,718.8553010505793,513.4742894160848,1015.1738378187544,380.0882952732045,311.340986330007,330.52915567783396,0.9578099794696726,0.9584211120436161,0.9455912510553494,0.9539407808562127,0.0027157101296004607,0.0027157101296004607,0.0027157101296004607,0.0027157101296004607,1.5145870800927907e-10,1.0803879293703029e-10,0.7280310843522486
S102,0.36681464570921885,1.1605443773741025e-10,3.163844167482039e-10,0.19907070246149677,6.29828680899359e-11,2.9328576251245693,-78.94343883142709,-70.72515219926022,-73.47245765506148,-53.14548459445278,-33.91788901147228,-47.14617111079512,625.254154240159,297.26480794852034,2373.1478674271357,106.9708425486555,112.26030090676538,235.84571329792112,-41.2292533253388,-50.91693895891678,-44.90516595550045,-63.14380402188235,-65.78853365213023,-58.28105502813996,473.9956802854708,491.8239105894454,721.1206689514339,331.7930236767303,148.22467067734473,381.15145657466087,0.9624445545477763,0.9758093934824406,0.9606212763536098,0.9662917414612756,0.0027157101296004607,0.009504985453601613,0.0027157101296004607,0.004978801904267511,5.25981014615303e-11,4.287654186960149e-11,0.3681367198090137
S103,0.1342164860202355,6.198483846456003e-10,4.6182730827280575e-09,0.17504533025279534,8.08407136963728e-10,4.328535249836335,-77.08551627570867,-61.154686066292975,-56.04225385691354,-81.50956587981207,-58.79625784482847,-72.8166956837594,351.68273584073114,519.9881136155683,400.22789638510767,177.33506408360654,167.61443514148004,138.7325691818473,-71.32464027486854,-80.8823695543406,-80.67581434988672,-56.617398366011486,-57.17341259499793,-53.55415627368615,318.440048353865,338.99242308919406,807.5961588242421,88.47635062476353,203.93232963813279,137.0159138416967,0.9374044435045418,0.9486952644756468,0.946536907315601,0.9442122050985965,0.005431420259200921,0.04209350700880714,0.04209350700880714,0.029872811425605068,3.6184483400185397e-10,2.795702990752433e-10,0.9533012326924042
S104,0.5067612577483909,3.8932336270215316e-10,7.682579454316807e-10,0.1414487734303051,1.086691440593975e-10,2.8020909214583796,-78.59256707825779,-77.76795463861163,-81.50046111822243,-55.98800669035552,-54.18103979061939,-46.20258331569415,214.81408361967652,125.64804528593734,350.1620813043432,623.64852033175,73.3842758792028,122.1448595574961,-49.36142316962893,-57.07435197367205,-67.0677365308889,-43.764847990022915,-71.36865563231257,-49.88577680648031,463.6817735870233,174.75178091047883,294.08963176010565,130.034754987116,136.85842698566373,115.92638907839157,0.8611540852712756,0.8609549018420687,0.8672563195793069,0.8631217688975504,0.010862840518401843,0.0027157101296004607,0.0027157101296004607,0.005431420259200921,2.4901158169406895e-10,1.82048515940618e-10,0.8828679025791981
S105,0.2030380523624372,2.5136144359413244e-10,1.2380016488014502e-09,0.09702825831553463,1.201211437749649e-10,5.204729732075627,-76.07384033338876,-64.62574382459844,-57.50246247664885,-49.53432791989168,-61.278163332979375,-55.991284986483045,308.50173865488387,236.29308320999738,389.750609864683,148.81505169932146,144.3194317630037,227.7134448846925,-65.5069009629941,-81.6257628103275,-71.59618206585017,-55.02679637787759,-55.9799022535178,-52.943641578596754,96.57165238402949,355.36947503560884,208.872189219464,79.45296847852326,158.40424805392195,295.5534632282685,0.9192124964376603,0.9455409767013283,0.9346747549157782,0.9331427426849223,0.0027157101296004607,0.0027157101296004607,0.023083536101603915,0.009504985453601612,1.6259843216426707e-10,7.622139970368394e-11,0.9226940226197052
S106,0.581020017834797,1.1947466983445608e-09,2.056291800060263e-09,0.11394815707579482,2.343106610269357e-10,3.974691094465257,-96.41863352695138,-90.77196159243415,-90.90487822398356,-83.79712609011392,-80.81271244124557,-71.77760877835641,434.0419047455946,1089.7592420879303,1303.0791499471381,78.64693942469437,115.57673104403969,96.3304418191807,-26.66824861764085,-41.28275955236625,-53.67799312386209,-45.85346158472669,-46.192818738203655,-53.33998540435731,454.50888073470895,1096.5840644557857,1285.4158975572434,83.41993947692869,139.3603527919944,97.00124732716631,0.8790270205080857,0.8498545277298242,0.8499171554241678,0.8595995678873593,0.03258852155520553,0.013578550648002305,0.03258852155520553,0.02625186458613779,3.6659372480486563e-10,2.972614437246153e-10,0.9228021762388581
S107,0.5654841880388645,1.0590607733760127e-09,1.872838879985139e-09,0.11009896725221019,2.0619762651614985e-10,4.655635528184263,-55.20575615776271,-60.80366126200699,-57.878479988205434,-41.526191845905586,-49.63068078111526,-46.980456309467826,867.3632138064114,1872.8020888752174,1107.2679745755142,448.02529381505644,425.63666312003556,475.82482732926053,-84.54933337015396,-87.8458126761725,-83.49656807520364,-65.48921635192106,-64.00247260700567,-61.009522838435316,1464.2430532760995,465.05153763129226,1698.8624935638154,473.26565294296614,415.9047784585108,337.9108793368273,0.8655563898941083,0.8785947417078712,0.848350422960619,0.8641671848541995,0.0027157101296004607,0.0027157101296004607,0.0027157101296004607,0.0027157101296004607,1.9976361727324185e-10,3.420018545333183e-10,0.45195198894393684
S108,0.5756771968393068,7.25402764397455e-10,1.260085979399914e-09,0.16676237819272902,2.101349346520438e-10,7.9784114936987365,-79.3276589786444,-89.41894610724646,-82.3083683167883,-59.966292174552,-60.2717220556559,-51.13149182974465,699.0283657299087,92.64588234888375,291.23520562560924,49.1278806531961,51.17448913440351,85.85042993864015,-86.5391420046139,-61.84139180314998,-81.63288579079969,-49.816896748770574,-36.987818106383905,-37.022449649173424,1222.6771421877045,159.14816061320866,576.769181681756,46.96188157146488,136.66105581287667,96.21125192910465,0.8730940794080482,0.8746970799346875,0.8842185714751004,0.8773365769392787,0.0027157101296004607,0.0027157101296004607,0.0027157101296004607,0.0027157101296004607,2.320913431135945e-10,2.247880645429897e-10,0.714593202309238
S109,0.23047201898668124,3.403139479796319e-09,1.4765955081050351e-08,0.22470607719990315,3.3179998423728024e-09,3.0490805390833344,-85.90724322075408,-54.094143141629935,-73.93802919726821,-84.2766020209282,-9.289127967866436,-71.49788249868277,847.2850275818373,582.383333617754,870.2841892103341,888.9292355607539,197.67438962409759,1016.0505038778076,-85.19999719964814,-45.93253560961222,-76.38497724435437,-55.89624253674539,-45.24582871722729,-67.3974610080618,433.4634748653868,104.39947161809917,635.0668327478361,119.62600706032269,111.44916477075533,148.2153014268654,0.940496556969748,0.9348448209700196,0.937383213165534,0.9375748637017672,0.0027560038938533086,0.0027560038938533086,0.0027560038938533086,0.0027560038938533086,4.060283823637735e-09,2.8095211840847257e-09,1.3955161577264867
