subject_id,rpl_alpha,tar,resting_alpha_power,resting_total_power,alpha_power_c3,alpha_power_c4,alpha_asymmetry,rpl_lower_beta,resting_lower_beta_power,rpl_upper_beta,resting_upper_beta_power,smr_strength,IAF_c3,alpha_peak_amp_c3,beta_peak_amp_c3,beta_center_freq_c3,aperiodic_exp_c3,IAF_c4,alpha_peak_amp_c4,beta_peak_amp_c4,beta_center_freq_c4,aperiodic_exp_c4,alpha_var_C3,alpha_cv_C3,alpha_var_C4,alpha_cv_C4,coherence_mu,coherence_beta,coherence_low_beta,coherence_upper_beta,pse_C3,pse_C4,pse_Cz,pse_avg,lzc_C3,lzc_C4,lzc_Cz,lzc_avg
S001,0.1947405158675568,0.6753796137870991,8.242792091358722e-12,4.232705276884781e-11,6.628976330324024e-12,1.0396504331558854e-11,0.45001923505273567,0.07977805432007416,3.3767699150017863e-12,0.08623806889745762,3.650203292906222e-12,7.383303995364123,11.980873607342618,9.004300526760622,4.833007473075124,23.823146601694972,0.44943182993494607,11.937755539542177,5.766410515797542,3.1454140405620428,23.17348623226343,0.18080645918864283,6.602451847764275e-12,0.06102470518772895,4.665315247380289e-12,0.04350504658295818,0.141254016678748,0.11547878405941189,0.12320809621300859,0.10952014332909836,0.977108017306303,0.9883664575600185,0.9942306198542495,0.986568364906857,0.0027157101296004607,0.009504985453601613,0.013578550648002305,0.008599748743734793
S002,0.20216606196835382,0.6240977964135537,7.847295232389512e-12,3.881608592454006e-11,6.816839054886976e-12,4.408732442152836e-12,-0.43580866266627893,0.11288925993064704,4.3819192134257326e-12,0.20961088916424908,8.136274284518735e-12,5.825719575597283,11.736620178501177,3.738507000476771,4.490563117597109,23.014317006951007,0.33474718569798523,9.268364821024859,4.480068974738781,7.161100030373337,23.689519783544487,0.3457638993324211,2.553284873796624e-12,0.02464908590419686,1.4274192290296279e-12,0.01395783304382962,0.17578950804387936,0.14109206742051306,0.13550275837233278,0.14450464713667552,0.9977504200613527,0.9988430577703324,0.9877864792606716,0.9947933190307857,0.005431420259200921,0.0801134488232136,0.021725681036803685,0.0357568500397394
S003,0.09918317577358357,1.9459520666866479,3.021945511823299e-10,3.046832780109632e-09,1.9908508239507255e-11,8.757055383373334e-10,3.7838827008958944,0.061177866103968886,1.8639872786273035e-10,0.04374505140481628,1.3328385658777514e-10,1.9059044557318288,,1.666649761445326,0.6924659464586369,19.755724568159817,0.24320461373516644,,2.1452152369794053,1.116253371142007,20.60642095505476,0.19535224586616431,5.2544936578988566e-12,0.045894548774919094,2.6722219110673594e-10,0.4157921093240438,0.12352758814598036,0.12224315545257883,0.12172976039101066,0.12202544240288819,0.9807523380283947,0.9523767052114515,0.9952322755213724,0.9761204395870728,0.0027157101296004607,0.021725681036803685,0.0027157101296004607,0.009052367098668202
S004,0.09490607893119596,1.3709960768071126,2.1622277069755184e-12,2.278281571977142e-11,2.7933096152171156e-12,2.2829656351248674e-12,-0.20175181989079505,0.07532108240892466,1.7160263403362472e-12,0.06396113247058789,1.4572146943052921e-12,2.2824857486193366,,1.3666658069226327,1.6103545064482134,23.556272570353848,0.2818713531690596,,1.3392175457698128,1.5198698847421022,20.768828708055917,0.2259901698233302,8.387822334772751e-13,0.008188876998602728,7.11292457220544e-13,0.006989296749738399,0.12482505800551116,0.13302732439180903,0.11014263738035113,0.14912272940519292,0.9982955519094542,0.999229444126463,0.9998736635634913,0.9991328865331361,0.0027157101296004607,0.0027157101296004607,0.006789275324001152,0.004073565194400691
S005,0.058462719275940524,3.3741979223417267,4.349915426748635e-12,7.440494524753964e-11,4.316240075674079e-12,5.4365506103220535e-12,0.23076011034399713,0.05940417843832758,4.419964644178838e-12,0.042855588298535176,3.1886677009036103e-12,1.5802993865235067,,1.7401822531045033,1.4269724529246108,16.904285160573917,0.21454796011536947,8.512015438024784,1.2133064483578029,1.0689304104515283,19.043910370994702,0.19572423836529237,1.508903136312712e-12,0.014573275683763754,3.4183595082001174e-12,0.03181823399614958,0.1679351355997642,0.12704794648097456,0.14867291780297323,0.11140196347754301,0.9969573210485039,0.9919423261430855,0.9989160762480649,0.9959385744798848,0.10591269505441797,0.0027157101296004607,0.10998626024881865,0.07287155514427902
S006,0.08435778861662573,1.9278797800932452,2.505395464315129e-12,2.969963420569504e-11,3.1750716715523462e-12,3.5837388225031084e-12,0.12107641346463893,0.08861438475022548,2.631814812444418e-12,0.0911919921814553,2.7083688102778243e-12,3.2288588546113033,,1.9269032750492805,1.1881104459680565,19.480824758865673,0.31512967803625513,,1.3224425293124338,4.524662188465657,26.19863355578086,0.4585067383439985,1.5647120743207455e-12,0.015176796308939632,1.573135627068799e-12,0.015258637989324256,0.12456712807085461,0.1227258490682967,0.13854577855774833,0.11145441777074173,0.9978207227258475,0.9989544074560746,0.9998332660957344,0.9988694654258855,0.0027157101296004607,0.0027157101296004607,0.0027157101296004607,0.0027157101296004607
S007,0.3790580307537073,0.5359378702027745,1.5279008247608998e-11,4.0307834178393976e-11,1.1050587561481503e-11,1.7285370740088968e-11,0.44737692226873804,0.10761872082536549,4.337877553519707e-12,0.0905722647030222,3.650771826811024e-12,5.16872234755845,12.268547751477039,5.729032648280726,1.8218157444726601,23.607732000443402,0.10533188146048458,10.66281128480255,4.609499688014149,2.7789892428624237,18.36249835728432,0.6427164758924877,6.653518050813356e-12,0.06149035426110312,9.766874447377383e-12,0.08773044646216879,0.22119309088923841,0.15896779149415888,0.17434160706050233,0.14810472888816154,0.9863572368205876,0.9900229518110757,0.9722179141707753,0.9828660342674795,0.07332417349921244,0.0027157101296004607,0.07332417349921244,0.04978801904267512
S008,0.10673207952990152,1.603177337545477,2.594838987547306e-12,2.4311706461414436e-11,2.905167040747779e-12,3.00087841534941e-12,0.032414161156783194,0.06066511367395903,1.474872436089631e-12,0.05145556905504837,1.2509726906713761e-12,1.6237302713708175,8.283554976234942,1.0569236254492496,1.7628778853354534,23.579031325404994,0.5579530525355008,,1.484998676760846,1.03422327001071,22.803596074888272,0.3595595053875826,1.0363088221137849e-12,0.010158204498953854,9.521760028279665e-13,0.009325692994071166,0.12624990949299608,0.12329391964853784,0.12654307086527197,0.12049049255192186,0.9993582114745743,0.9986074306425419,0.9986968654134429,0.9988875025101863,0.006789275324001152,0.0027157101296004607,0.005431420259200921,0.004978801904267512
S009,0.0787356262769471,1.215917724406347,8.033461310038764e-12,1.0203083013249456e-10,8.368019479743263e-12,9.028817349116289e-12,0.07600415455653575,0.16728147710936833,1.7067867975258736e-11,0.1760431211946429,1.7961825794604762e-11,3.9095887389834445,,0.43816968822328095,3.5777415980162846,20.66427162119615,1.005121515673304,,1.1736078473037446e-10,4.242185360982292,18.42825449229157,1.9999999999996667,5.641681810035641e-12,0.05155788879155415,3.717987839235799e-12,0.034526171554206314,0.16610604241263335,0.14493860434383748,0.1398627310289059,0.14781987207573527,0.9948090935956219,0.9895422050001458,0.9925152742670379,0.9922888576209351,0.0448092171384076,0.013578550648002305,0.008147130388801382,0.0221782993917371
S010,0.09557891282076872,1.4148262026556437,3.787220979311051e-11,3.9624022365821584e-10,2.5678266733611508e-11,4.159179205821349e-11,0.4822578597600007,0.03707695749232986,1.4691381929326945e-11,0.02512973378447872,9.95741133523327e-12,1.6074567215344615,,1.352085305179817,0.7282385336188492,19.872488032944048,0.2984974052837289,11.028183497034341,1.850097432728382,0.8957726731669663,18.253080519398015,0.301279076223813,9.708793605512502e-12,0.07640955913729838,1.4317875289093318e-11,0.1062590392515902,0.14083705335295443,0.13312028145229216,0.13584428240221263,0.13029285400688506,0.9720754321380971,0.9640018163088923,0.980392732919316,0.9721566604554351,0.0027157101296004607,0.1249226659616212,0.012220695583202074,0.04661969055814125
S011,0.12360089036817339,1.170652666600039,1.5529328466147984e-12,1.2564091099902554e-11,1.1046297636381112e-12,1.6490876635365894e-12,0.4007119805047701,0.06763669271848438,8.497935690111535e-13,0.05307571881257748,6.668481663540352e-13,2.245159154657742,,1.3942221011402596,2.33913344920251,20.222392175565837,0.24321847406598296,,1.8242637991489552,1.555414169329269,18.629367088775574,0.2074990573224951,3.4431959180719484e-13,0.0034189174086859627,6.128234618527488e-13,0.006052821523822509,0.1278367920661889,0.1272102443016044,0.14129766307597508,0.1175009846264576,0.9998276812948483,0.9995446146357665,0.9996513020758929,0.9996745326688359,0.013578550648002305,0.02579924623120438,0.012220695583202074,0.017199497487469587
S012,0.11488642667974594,1.7310516670581098,1.0873180479238537e-12,9.464286420490994e-12,1.2528180024426861e-12,1.2898635676187705e-12,0.029141035327565845,0.08433820012792072,7.982008821993319e-13,0.08627984799294347,8.16577193721642e-13,2.4368313728553304,,0.8390575140223596,0.32483014532213683,20.878884755160364,0.23439880463529675,,2.183821652628707,4.034624091020351,27.504018483903543,0.3083468875926904,5.539994943099331e-13,0.00546507553034576,4.0646707229946256e-13,0.004025557779964188,0.10645080535874647,0.14719931408304376,0.14109331321528365,0.15086013968880074,0.9995516927521728,0.999668868187069,0.9998582893238716,0.9996929500877045,0.008147130388801382,0.04073565194400691,0.0027157101296004607,0.017199497487469583
S013,0.09905983898924074,2.04447908229221,7.41372763137607e-12,7.484090128776914e-11,8.439534179543222e-12,8.189414916423797e-12,-0.030084658550471488,0.10195466960496698,7.63037936373245e-12,0.1039270149665978,7.777991468247651e-12,3.8706288844532537,,1.3220945234735502,3.924700960680852,21.65600387804298,0.25148725309036124,,1.4222981961725698,3.7443160720411677,21.426359371900766,0.17957566730849003,3.7411987065712184e-12,0.03461937640904183,4.2974262698065155e-12,0.03922728826141306,0.11932032129621013,0.1379224087922504,0.14428682620514638,0.13518039865985895,0.9936359101049932,0.9907008643350685,0.9959053191648427,0.9934140312016347,0.013578550648002305,0.012220695583202074,0.013578550648002305,0.013125932293068895
S014,0.08906922440690006,1.9873230990778508,1.501759323404346e-11,1.6860586059936622e-10,9.223161525418108e-12,2.6040779192072998e-11,1.0379458623557873,0.05217440589009459,8.79691060636004e-12,0.03558933492687167,6.000570443504281e-12,2.4266797423187256,,2.257177860013922,1.6713291502376655,16.797768330626955,0.7070414732431083,,2.5963325920184173,1.8774739290205198,19.443881404916144,0.3048884432858011,3.758694168234278e-12,0.03451983441389533,1.25528554724226e-11,0.09738249977268573,0.14283402024005998,0.1357225646842343,0.1479079985141008,0.12817872329731536,0.9910260630959504,0.9627300158997414,0.9900258708124801,0.9812606499360573,0.01240201752233989,0.0027560038938533086,0.017914025310046506,0.011024015575413234
S015,0.1321552660696796,1.1173182451374373,1.1927373840391112e-11,9.025273222258383e-11,1.2129587085446678e-11,1.6266478998822873e-11,0.29345880556136095,0.09541528233062763,8.61148992612837e-12,0.07559648945269692,6.822789719541638e-12,4.381617093501241,11.222976492256935,3.5319257371049497,2.1091843522737315,22.966460340503712,0.5145341391454817,10.86888028462695,4.8845765556773255,1.759776117679754,21.527933327111107,0.4820170295703866,4.362718469347002e-12,0.03977100952824065,6.423766699227344e-12,0.054558182701754186,0.14181517931200346,0.17299655430536784,0.16426483862222474,0.1795372433007271,0.9929868527257363,0.9848150302044157,0.99229475922685,0.990032214052334,0.020367825972003456,0.0027157101296004607,0.0027157101296004607,0.008599748743734793
S016,0.2096880644027583,0.7468988273330077,6.486240285286398e-13,3.0932806327154386e-12,6.356315660123412e-13,1.0068968835572589e-12,0.4600093910710825,0.1494249939559099,4.622134398474376e-13,0.15642551345436115,4.838680112309436e-13,3.72001843162419,8.333390661552686,1.1221228953657845,2.4787227624331223,23.85827397427471,0.10000000000000019,11.938191252797681,1.9921992973392117,4.961730350896997,23.444804173340643,1.2532272690875816,2.431891308979143e-13,0.002423385815614233,3.7880269743336464e-13,0.0037648099048961207,0.21475149242772756,0.1257716607132807,0.13637492045188615,0.11766235475114091,0.9999791296489331,0.9995932896623794,0.9999949004739191,0.9998557732617438,0.0027157101296004607,0.0027157101296004607,0.019009970907203227,0.008147130388801382
S017,0.09453851048122126,1.287377672711423,1.762495359039373e-11,1.8643147116110614e-10,3.209430717517305e-11,1.2961829426220132e-11,-0.9066698274477503,0.10485960257647813,1.9549129973701733e-11,0.12003981494832461,2.2379199298723096e-11,1.967095266312029,,4.0682926329560186e-11,2.6795011500252177,17.035699398352904,1.6181455004822376,,0.6051344357408616,1.2549258645199597,23.104397099259447,1.999999999999973,5.120011805427881e-11,0.40887489176180064,2.7070132914426648e-12,0.02576123550864747,0.12962292013830712,0.12691581268033414,0.11211013128953898,0.13699866545055095,0.99079897272459,0.9993120805497331,0.9969910187972253,0.9957006906905161,0.0027157101296004607,0.07739773869361313,0.021725681036803685,0.03394637662000576
S018,0.12272851961461277,1.2767711502861134,9.457098947169377e-13,7.70570603871552e-12,7.723948928489405e-13,1.4965661964791873e-12,0.6614326220359175,0.16484883801318206,1.2702766865534134e-12,0.1294423688380263,9.974448432208207e-13,2.5225732469015867,,0.7472897635655744,2.3665793477593913,18.45027989669626,1.2005748539336523,,1.2945744970684825,1.6408768985346402,19.668411434734107,0.5704163139108852,4.936158330710689e-13,0.004902565986342225,5.459642331207465e-13,0.005383524572484738,0.12649188987137214,0.13481781657207212,0.1601859712955379,0.11698102435685016,0.9998585443564759,0.9996709175062118,0.9999564659947693,0.9998286426191524,0.0027157101296004607,0.07875559375841336,0.019009970907203227,0.03349375826507235
S019,0.14554466263035332,1.1838212356492845,3.4178919582666447e-12,2.3483457905613666e-11,3.257342165721171e-12,5.102755720642321e-12,0.4488691549182917,0.11749358179760112,2.759155582323742e-12,0.15441234150330016,3.6261357217999913e-12,7.042266880565116,12.08766834079716,5.1005433409676915,6.648888115036122,24.22168952420499,0.2104784717789472,12.364736731109142,5.043019945999485,7.435775994953013,25.031221467248393,0.1913659489425178,2.0081947725983393e-12,0.019468409301641672,2.655627940236432e-12,0.025539454118983104,0.12050624335621825,0.13288328264004606,0.12294966035655037,0.13960103814580066,0.9973442280794603,0.9966549560372863,0.9989719802291823,0.9976570547819762,0.0027157101296004607,0.019009970907203227,0.0027157101296004607,0.008147130388801384
S020,0.10433739564528301,1.5215263212073813,3.718967904798204e-12,3.564367197204749e-11,3.3717180881063543e-12,2.8774125206520356e-12,-0.15853097289191354,0.07278045455776336,2.594162648233426e-12,0.047339115033764034,1.687339887710507e-12,3.330936987703325,,1.493468127648963,3.714218819658008,26.72681284120654,0.9680654085263697,,0.11961526345143392,2.9476930720629944,19.523208187602872,1.7180144819738978,3.6068414190688012e-12,0.034802382447245366,2.2232267205125126e-12,0.021526165371256345,0.13807987817439538,0.1525991436318017,0.16041658375747583,0.14969012496704773,0.9987659049279423,0.9983733742467501,0.997291662809686,0.9981436473281261,0.0027157101296004607,0.0027157101296004607,0.0027157101296004607,0.0027157101296004607
S021,0.16508210210530003,1.6555337858405093,3.532130378896554e-10,2.139620427563694e-09,1.0510077550915392e-09,6.8022942038082286e-12,-5.040244811429574,0.14742180844824376,3.154267128242443e-10,0.09032626727728787,1.9326392661206319e-10,7.189652078138607,,7.434897852229849,2.68446629180369,17.726139098796555,0.25792158129764214,8.520580522289594,4.438213894262094,4.992558908953928,17.395782041074405,0.24483303232186324,1.0862733373148308e-11,0.09266578336456614,8.469917550468725e-13,0.008369541085057865,0.12482875983501499,0.14727319530770255,0.1678211706784598,0.13402785425543506,0.9751194283073792,0.9992260773546643,0.9997725741754608,0.9913726932791681,0.010862840518401843,0.020367825972003456,0.0027157101296004607,0.011315458873335252
S022,0.09954452162988114,1.757731804229064,1.4753260139335936e-11,1.4820765520568158e-10,1.1878077489442481e-11,2.1593955546848985e-11,0.5977189663837379,0.08010206525617189,1.187173926874973e-11,0.06694741010606016,9.922118673912328e-12,4.718718762309699,,7.433633465189706,5.6911642988975695,28.119343979325762,0.19554119285864366,8.648174952128123,1.8578262381054114,1.3670732156108063,17.98828367478777,0.30259578613201604,6.201308768562331e-12,0.05440937374915451,2.0362222364568386e-11,0.16328769167362658,0.14870496848378437,0.14333339916170548,0.1411005356876925,0.14423218767839993,0.9870073631404417,0.9798014864289203,0.9895571489102298,0.9854553328265306,0.012220695583202074,0.013578550648002305,0.0027157101296004607,0.009504985453601613
S023,0.1766555545142916,1.0345782391659217,1.1542259916741231e-11,6.533765637019611e-11,1.0064698587762154e-11,1.6236492078734797e-11,0.478227194324802,0.13106016370581255,8.56316394003203e-12,0.09780374180190532,6.390267273572274e-12,5.246374478353722,,2.0538524030922907,4.070581496159228,28.00889867925813,0.16032258136079156,,1.823803369037835,5.6550625111851165,22.239245286800987,0.19853983170475994,6.427207494435756e-12,0.059368339387157174,3.724492857299806e-12,0.034706297920142785,0.13857929483865403,0.14703004676117382,0.1507194882515187,0.1434962260616309,0.997018633975758,0.9948395865359876,0.9936663535556614,0.995174858022469,0.005431420259200921,0.04616707220320783,0.0027157101296004607,0.018104734197336405
S024,0.16951913455902023,0.6540924407869888,1.6365619223664659e-12,9.654142741017099e-12,1.7045322676826075e-12,1.6645453692732949e-12,-0.023738708635704597,0.12680503187692377,1.2241938780190453e-12,0.23248112885173142,2.2444060025274038e-12,4.53168282144653,12.064322486717181,2.0419794394277404,2.8970177047408034,23.209091969495482,0.8871824194038176,11.85340707814602,3.482657134813995,6.166354622432522,25.462152219604,1.2792690693932867,7.279926414682157e-13,0.007178961260400711,1.2561052170085775e-12,0.012267347242500646,0.12951486634018605,0.13286785982038607,0.12121094143257205,0.14118426321151117,0.9996571610301422,0.9990672557566826,0.9996715470364946,0.9994653212744398,0.0027157101296004607,0.0027157101296004607,0.0027157101296004607,0.0027157101296004607
S025,0.16480138958012194,0.6913789587159925,1.6269617562342055e-11,9.872257511780391e-11,1.4009849812956052e-11,2.7896141031911837e-11,0.6887277246900325,0.06902376692264062,6.814204014934177e-12,0.06515217490431999,6.431990481080029e-12,7.7638860307165345,11.271162024860674,11.674257489057927,5.9342487147745935,21.38228710575922,0.11181531367154494,10.510628734595535,2.6997589663216317,3.7571668021740634,21.414391331453288,0.2880276709723434,6.108149294409588e-12,0.05572216132065623,1.6530539682154423e-11,0.13072581436449987,0.15163605633464272,0.11973873239455182,0.11408276229346304,0.1237877276559942,0.9735497844165367,0.9728353343855388,0.9919046915703498,0.9794299367908085,0.0027157101296004607,0.0027157101296004607,0.010862840518401843,0.005431420259200921
S026,0.13926605175685586,0.9361589469561644,1.4006110707178124e-12,1.0057088953473992e-11,2.1231752159001347e-12,2.048320627127425e-12,-0.03589246039596716,0.19047274774294717,1.9156013672634323e-12,0.17075490627740353,1.717297281673962e-12,7.840619780972077,10.03409077877275,1.0991214658170612,7.046258158812167,21.773880492788585,0.2280320493130183,10.8078241960539,4.5133258772641,8.635104441442584,27.381729645481506,0.826926603985645,7.61938479867605e-13,0.007490799961768943,1.1487337539741146e-12,0.011165225311252774,0.1501904512213792,0.17552042575592433,0.15602482076181196,0.18993187252423827,0.999197730593449,0.9972368719938381,0.9999998853399312,0.9988114959757395,0.03258852155520553,0.012220695583202074,0.0027157101296004607,0.015841642422669354
S027,0.06921346989432561,1.362346785961856,2.550012794958324e-11,3.6842724383731324e-10,2.613774787808853e-11,3.0261341936942115e-11,0.14649050593992996,0.036079891334339274,1.329281492226038e-11,0.033234584619638845,1.2244526411491502e-11,4.963337993254662,11.441840712264074,7.468447140410837,4.708286990303185,23.396342618326713,0.3708672464251594,11.464050541728248,2.4634662412285833,1.1379018068415563,22.66614600291397,0.23258807801851136,3.6782468596182495e-11,0.27262579030912987,1.3874045099795756e-11,0.1132407459337231,0.16626802008386735,0.13165098129338132,0.11882815932269633,0.1403168487522793,0.9156023697705415,0.9735244813635088,0.984651281804883,0.9579260443129778,0.008147130388801382,0.0801134488232136,0.08282915895281406,0.05702991272160968
S028,0.11078704540524188,1.4581498742655616,1.9756181254028514e-11,1.783257345817235e-10,1.7735712556958938e-11,1.1386950183763473e-11,-0.44311228644099643,0.07354131239921988,1.3114308555694894e-11,0.04492343113430446,8.011003856956312e-12,4.2187415746779,9.323841642027936,3.4267398916850755,2.392980309215027,15.25865094855937,0.18826309753941337,8.996072869958294,2.7807658934676205,1.7973387810158445,18.330667377825545,0.2682637555901985,9.615533573341366e-12,0.0844505094122875,5.786763547139721e-12,0.052592730790555146,0.13409540990830332,0.1149998487231846,0.10845470489154958,0.11892243960641088,0.9792977256283439,0.9869967649697932,0.9764894802148278,0.9809279902709883,0.0312306664904053,0.04345136207360737,0.0027157101296004607,0.025799246231204376
S029,0.5066548096677023,0.15656312346980392,1.4251112648843477e-11,2.8127854264702035e-11,7.370569079098067e-12,1.4377526298596326e-11,0.6681713949161789,0.11508823688678897,3.237185154733105e-12,0.12183185280016033,3.4268686003615404e-12,9.578301081559907,11.694801642432065,7.93561198117504,6.206172076707156,22.810132924960303,0.18707306050091851,11.503535829043365,11.189839940955498,9.658580039705631,23.246064351075947,0.14703206877012007,2.3494946992292036e-12,0.022729523995552937,7.405023769397804e-12,0.06604455033792357,0.15628065441820077,0.14594168780431746,0.1800904562129957,0.1220167327522445,0.996495864544134,0.9508883899555975,0.9867853754327668,0.9780565433108328,0.05567205765680945,0.013578550648002305,0.0027157101296004607,0.02398877281147074
S030,0.3672939047587243,0.30838524789889027,2.343844537492888e-12,6.381386968652697e-12,1.6624915453493719e-12,1.7524125665097569e-12,0.05267603992925629,0.10231325322059617,6.52900460822376e-13,0.12748836276082615,8.135525767768036e-13,3.113000903189345,11.851138887801898,3.486954205138366,2.445747388625822,23.31370655242713,1.5167975990631843,10.221280131879018,1.7351443208039001,2.7412708385614306,26.28949508084029,1.167265087241855,6.17788198344704e-13,0.006127749002270369,1.010537992058827e-12,0.010020119791212392,0.16703867794120136,0.1741736964041968,0.1677667120157994,0.1799898936273047,0.9997845236145555,0.9998619033208854,0.999362650363539,0.9996696924329934,0.010862840518401843,0.0027157101296004607,0.0312306664904053,0.014936405712802534
S031,0.16914920433142816,2.1802278756594453,4.454828505790057e-12,2.6336680230912227e-11,3.434395368562477e-12,4.103276834620322e-12,0.1779449930699606,0.09221968281920734,2.428760297405614e-12,0.08907119335582508,2.345839537198119e-12,7.901843051805436,,6.341532579698676,4.219431370711172,29.999999999999996,1.0214116170184255,8.023816846188101,8.811063746502494,3.7887769255759736,17.352758182684624,0.37517583630962176,2.1855633420073206e-12,0.021058314012036543,2.152836703408329e-12,0.020810737755368198,0.16124569210853706,0.1482503603302459,0.12736784193632156,0.16304324691489186,0.9959354153506107,0.993104632141184,0.9861486901727915,0.9917295792215287,0.052956347527208986,0.028514956360804835,0.023083536101603915,0.03485161332987258
S032,0.07081436861030645,1.718149608276157,1.582690293770012e-11,2.234984685776983e-10,6.026259958438113e-12,8.511178700749983e-12,0.34525386147388915,0.08820815546850906,1.97143876632753e-11,0.08099292948946418,1.8101795706516746e-11,4.569841276189642,10.854084158574379,1.806924451887457,5.5022324525279735,21.676713574255338,0.23914280220939083,,1.972719956727453,2.449518509846966,23.104796304371128,1.6241394215871203,2.2999154523929596e-12,0.021941347465126382,2.788544129633775e-12,0.0261819405094491,0.10756912491979354,0.12004613967410148,0.12486338454342305,0.11588755968394523,0.9962052642070223,0.9978407931922774,0.9848464507735928,0.9929641693909641,0.13985907167442374,0.0896184342768152,0.0027157101296004607,0.07739773869361313
S033,0.26423150335689666,0.4309461492518828,7.990333663331201e-12,3.0239897823760566e-11,9.45781329010179e-12,1.270845272137061e-11,0.29542613760628456,0.20573927035958742,6.221534514008974e-12,0.10782013030612184,3.260469723801674e-12,12.79383900023894,10.127549572258237,13.590905864881801,8.63748927840705,18.91731005879136,0.1477302714129864,10.437807220459025,11.942713335160795,8.694974262243136,18.72399855042226,0.3257936644987601,2.0072178727261113e-11,0.15027287509346157,9.705567617923309e-12,0.08422891217174203,0.15919746765615972,0.1358516075023958,0.14417743750649809,0.12923131526878945,0.9039285668171211,0.9476279388464267,0.9879331800398298,0.9464965619011259,0.0027157101296004607,0.0027157101296004607,0.04616707220320783,0.017199497487469583
S034,0.08828127627350649,0.8053408459735042,2.10020197718303e-11,2.378989142246132e-10,2.9431387813582236e-11,2.795409098514015e-11,-0.051498160684460004,0.014268576426063247,3.394478839291358e-12,0.012387623255165405,2.9470021222274185e-12,7.528423089513971,8.778628929319094,5.896204239772344,2.71780501006721,19.530600065917984,0.4385920030214159,10.178217371182482,9.092435069885948,1.868653967094129,19.440640424169192,0.2740216649937892,1.962896863822299e-11,0.15683449014749296,1.7747612465289674e-11,0.1436734222797816,0.13798038863746234,0.14571426296769643,0.14648056299665238,0.14487302927892834,0.9131655891528114,0.9067092914046799,0.9858186187221406,0.935231166426544,0.0027157101296004607,0.0027157101296004607,0.0027157101296004607,0.0027157101296004607
S035,0.3889373710798485,0.3604549569357779,5.345134316650596e-12,1.3742917791135181e-11,5.4611146299196294e-12,9.128780620535714e-12,0.513779214647176,0.14642031007947054,2.0122422843746855e-12,0.1371019956893717,1.8841814557596055e-12,11.436160329937557,11.684102427875295,10.754010602839964,2.648502420645835,21.28584741178985,0.22878063310134936,11.363199809029949,12.0575854435444,4.71911764600587,21.451006568402352,0.16259605726272386,3.279969922104122e-12,0.03157869624308441,7.616655388626827e-12,0.06977039796817956,0.14967777784394018,0.14480975085169162,0.16532460088906753,0.13033389543158208,0.9888972516646591,0.9681653108183438,0.9995603159542246,0.9855409594790757,0.08826057921201498,0.0027157101296004607,0.10862840518401844,0.0665348981752113
S036,0.18987416704876395,0.6851922597087693,9.33091662844181e-12,4.9142633637178356e-11,1.8313756665348916e-11,6.155387894243937e-12,-1.090324729137695,0.14648626001435272,7.198720608765785e-12,0.13706843658100074,6.735903962120935e-12,11.940403897793828,8.550892155069198,2.4715780393982576,7.676687371894699,20.969078720542935,0.23761199232003022,,13.396255181071648,12.624682202635578,26.597738322954072,0.9086189667414563,8.327030980002882e-12,0.07432910913065674,1.749664899934114e-12,0.016974211444251697,0.12806503751173323,0.12857477779179952,0.15409809302634248,0.10994780208655557,0.9900680200071719,0.9989900315509115,0.9993882817658087,0.9961487777746307,0.02579924623120438,0.016294260777602765,0.03258852155520553,0.02489400952133756
S037,0.06973674825773164,2.087714900599432,1.0540020760612488e-12,1.5114012373589454e-11,5.747140938739945e-13,1.7076865707657683e-12,1.0890221618384395,0.08946836645442559,1.352225997637024e-12,0.1265527095286091,1.91271921772667e-12,4.578807298414269,,3.2760472930832303,3.373723008749854,25.349465980433514,0.9605959764022307,,1.7288539397714893,5.78478361697277,27.09664200524406,0.9132073770365117,9.40932120292693e-13,0.009339505501836577,2.010995681721233e-12,0.01961928776432029,0.22434734071767676,0.20720667786094193,0.20270440124377512,0.21097296782294833,0.9997157765387085,0.9984147671148774,0.9966827964376596,0.9982711133637485,0.008147130388801382,0.021725681036803685,0.0027157101296004607,0.010862840518401843
S038,0.09545750694096043,1.630391559952367,6.810352517930849e-12,7.134433672296709e-11,1.0733508634777751e-11,5.1672165170716765e-12,-0.7310363439279541,0.07127207197813976,5.08485870215195e-12,0.05490228958184795,3.9169674347892085e-12,1.65569730810968,8.541586432081042,1.273719466731747,1.1058221748615003,19.28587673673109,0.39535470946357015,,2.0377390011352587,0.7104194104811059,23.740952138726602,0.6028276187175163,4.069301368962456e-12,0.036908806067864564,1.9945700985985308e-12,0.019122620149195173,0.11735994548298773,0.13678588341924589,0.15249987541068435,0.12550689700453904,0.9890172433478691,0.9972340752143931,0.9970030221212026,0.9944181135611548,0.013578550648002305,0.009504985453601613,0.0027157101296004607,0.008599748743734793
S039,0.0998127239570886,1.7952490271783612,2.4329694100357768e-11,2.4375343278696183e-10,2.493822656862404e-11,3.52901836121932e-11,0.3472030108165569,0.05917979406774112,1.4425277955637377e-11,0.056280366284825516,1.3718532480433808e-11,2.986416278333323,,2.5449641813912085,1.712818108415415,23.147887409074514,0.25662276513105325,,3.424226353224755,1.6701920925065614,26.470056648450562,0.1848592726721717,1.4444951804492973e-11,0.11224580590043572,2.3070075186231106e-11,0.16485826148522922,0.10004535398195302,0.12925104409327942,0.12299004766688373,0.13310323486537623,0.9758396687654094,0.967705463228872,0.9781611160803537,0.973902082691545,0.0027157101296004607,0.005431420259200921,0.0027157101296004607,0.0036209468394672807
S040,0.06219594252740136,2.1944875899822582,1.8724098064891787e-11,3.010501538206066e-10,1.2224135036570561e-11,2.9608729749158874e-11,0.8846569626035468,0.0365712192029992,1.1009771166470032e-11,0.027006116826114486,8.130195624599038e-12,3.825181074405677,,2.7402360019795933,1.9823959719863955,16.975108251436858,0.35987936520184943,,4.871319350132082,2.274332839686733,28.942776732580498,0.21891522290654794,5.4327583103613784e-12,0.049101908859165516,3.720715479231632e-11,0.28822883808384975,0.13378526668248056,0.1288233033756827,0.12936741304580898,0.1280396941879783,0.9853846921227017,0.9740129316168832,0.9849743371066126,0.9814573202820659,0.14936405712802533,0.02579924623120438,0.0027157101296004607,0.059293004496276724
S041,0.14403891310341432,1.198391906710779,1.3087253166765219e-12,9.085914968942512e-12,1.899704767294971e-12,1.3696641777954139e-12,-0.327132904369531,0.15510532484544715,1.4092737927759392e-12,0.10491878275350248,9.532831387432756e-13,5.670175839637906,,8.450726966078399,4.541656446586454,29.50121629702467,0.285023706576881,,1.6001328827883174,2.4005500586515844,16.505743391401992,0.2086718001327829,1.0709513644779375e-12,0.01053682679139295,4.599804819872496e-13,0.004555910369018877,0.12953597188751592,0.13259135469922081,0.1344865095133646,0.13107870735916072,0.9993044063310655,0.999696116965108,0.9998950826466964,0.9996318686476234,0.009504985453601613,0.016294260777602765,0.017652115842402994,0.014483787357869126
S042,0.30506077702775636,0.248273445683221,1.0400704980866229e-11,3.409387821732293e-11,6.9187485038604456e-12,1.7463563431563143e-11,0.9258817195119242,0.35806068038474964,1.2207677231449443e-11,0.07047405321912087,2.402733787933842e-12,17.050395537894524,12.732901652853585,15.605510498276615,8.259641661064027,25.398717202349943,0.23652913541037537,12.900174920609132,18.49574946611922,8.289557259674588,25.64251790239583,0.14958747660315694,6.854124701106524e-12,0.06223165138960832,2.595875023039158e-11,0.1916505557845031,0.13933319351057522,0.12785157097738348,0.12819995507216203,0.12737985171676905,0.920933196323391,0.7624930337747,0.9560615697076673,0.8798292666019195,0.0027157101296004607,0.0027157101296004607,0.0027157101296004607,0.0027157101296004607
S043,0.10828308585539037,1.0385951731320766,2.7389258761337288e-11,2.5294124696367654e-10,5.3291571995830564e-11,1.6853186450167273e-11,-1.1512384490084955,0.06101859229296737,1.543411882255135e-11,0.09469837793118098,2.3953125799350424e-11,4.970075611043917,,3.6729032804245736,4.770843608112742,23.126582800751155,0.3305183974587567,9.509138300729662,3.99915555126063,3.585544332757028,23.147197952490142,0.6748701085195669,2.4746682766576536e-11,0.1743690614620325,8.041822415044576e-12,0.07052023780877816,0.1294903021347192,0.1274371870269216,0.11697426744564282,0.13483874458358142,0.9667195919725496,0.9874752846284774,0.9780463688573794,0.9774137484861355,0.11405982544321934,0.0027157101296004607,0.013578550648002305,0.04345136207360737
S044,0.25193582732455133,0.42594132561759357,3.681719314875249e-11,1.4613718715489984e-10,5.016200672891618e-11,4.114816653210182e-11,-0.19807853167181122,0.06479848551429258,9.469468404956242e-12,0.08070825480807664,1.1794477337833241e-11,5.982004445056241,11.781853464714084,7.532055661835881,4.340698703193468,23.65190106769497,0.2170911383398715,11.772406289664431,4.433948566389565,2.6095649564845984,24.074235694662647,0.18532998479042567,1.8919691906611694e-11,0.1518801162855226,1.4092369869717055e-11,0.12157552327324041,0.13078821665925405,0.14174756415999948,0.14401086883716946,0.14029802335795066,0.9532047617536151,0.9794830744586843,0.9924232125545915,0.9750370162556304,0.005431420259200921,0.0027157101296004607,0.0027157101296004607,0.0036209468394672807
S045,0.12802374436839334,0.966916769573562,4.6034708272705115e-12,3.5957945535664413e-11,6.052409272189795e-12,2.7745427957933956e-12,-0.7799704442281161,0.11094005776849811,3.989176554963119e-12,0.22624798666469056,8.135412782042672e-12,7.649273773033769,,1.0814414559195853,4.109991838807105,24.81316225443953,0.24979371979006934,10.089346359792438,5.864640755127919,8.792360676780277,25.465028798948822,1.3680110028345736,2.5631188500305235e-12,0.024382130166503216,1.6831456964670638e-12,0.01648469024305049,0.15810487994029243,0.13789694326617769,0.13833728642300494,0.13700326860279913,0.9975916101052188,0.9971691280675813,0.9979367901383809,0.9975658427703937,0.0027157101296004607,0.0027157101296004607,0.024441391166404147,0.009957603808535023
S046,0.12177259647766685,1.7226777801094264,5.173369182642187e-12,4.248385377568085e-11,3.0674401839447464e-12,4.083179016251714e-12,0.2860324581938478,0.096793775138437,4.11217258937749e-12,0.13034123840501596,5.537398113339855e-12,3.5292203815709513,,4.273030916393061,1.5558922653769194,24.79249225840049,0.6749364334965328,,1.5831341528256129,2.7184045757895166,29.006329973744755,0.17597862032003145,1.4360754548899629e-12,0.013915300225728842,9.393203648291309e-13,0.009182620148883552,0.13353537003666988,0.13229853356373034,0.13333893579020104,0.13099799376912818,0.9980835172971525,0.9990953255221687,0.992423889230466,0.9965342440165958,0.0027157101296004607,0.0027157101296004607,0.05567205765680945,0.02036782597200346
S047,0.11956325134757999,1.0779325236874144,2.7397360090044744e-12,2.2914532501628293e-11,1.3450919276360614e-12,4.6535029649621285e-12,1.2411579033871085,0.0680176707324653,1.5585931266841277e-12,0.04422961442873341,1.0135009373616995e-12,3.970251506304386,,1.7003479009835285,1.8861420833895173,22.126978389509038,0.25526383984591355,,5.230446176090739,2.587961266280673,29.34069347691653,0.2814134947634549,5.443230872344519e-13,0.005382655438694445,1.0606168684741283e-11,0.10107417502703525,0.08412699008194005,0.1430040209692399,0.13000521980993035,0.15136445228753312,0.9996287281480025,0.995551142352072,0.999336904569801,0.9981722583566252,0.0027157101296004607,0.0312306664904053,0.006789275324001152,0.013578550648002305
S048,0.3697790381134197,0.3435261896813063,4.28289126902133e-11,1.158229869078644e-10,5.4918569130834276e-11,2.6323438017856267e-11,-0.7353918051557535,0.08819207306954122,1.0214669324510893e-11,0.08168244732235148,9.460705026819039e-12,9.34649104706719,9.821748573493343,12.006797243624444,5.518893644691175,20.551106121116767,0.12157142470910166,9.37276621615648,6.643120374197572,1.6887233288093901,18.893595018136104,0.16246428603856344,4.260703723397781e-11,0.2716600763461097,2.339947323024993e-11,0.17434761934472703,0.17383206819240565,0.13204885769510255,0.12366686036975992,0.13888868384022998,0.8930150919564713,0.939619347244399,0.9282578785021355,0.9202974392343353,0.017652115842402994,0.024441391166404147,0.006789275324001152,0.01629426077760276
S049,0.05086675436645511,2.9202413327385868,1.659248058344408e-11,3.2619499297927005e-10,2.965655764744532e-11,1.0124732441558848e-11,-1.0747020824190905,0.06603405433500187,2.1539977890198673e-11,0.08155328794944883,2.660227419010685e-11,4.936189668131526,,2.167698252372073,3.907060917571301,22.48177480797484,0.2359633846741014,8.379281397575431,1.9174223607881113,5.730459108679894,21.604181499395832,0.19570986840854787,1.3625050927259372e-11,0.10348845989943493,4.3874717757312445e-12,0.03986554713716178,0.13553669546884597,0.14729919763836075,0.16661745849505172,0.13276180732419582,0.979829067416103,0.9920240797604509,0.9441634341035784,0.9720055270933775,0.008147130388801382,0.008147130388801382,0.0027157101296004607,0.006336656969067742
S050,0.12035461653845332,1.124939551261936,1.9163616641317897e-12,1.592262697725028e-11,1.991139325365719e-12,2.2676472525907438e-12,0.1300358411859719,0.07480633386792526,1.1911133497146181e-12,0.04344764038417834,6.918005708789868e-13,4.106050934243633,,2.7424854448499945,1.83852053854919,18.954568989606994,0.37281777430242985,,3.7483041925668235,2.5630746048361677,25.7713973590707,0.35967091352619285,6.316671757846577e-13,0.006228357914148267,2.2059871455862587e-12,0.021757772292864314,0.12590904346129328,0.13034061699331295,0.13653186840251752,0.1253289267074531,0.9993718425892771,0.9990343221221663,0.9994380123429968,0.9992813923514801,0.0027157101296004607,0.0027157101296004607,0.006789275324001152,0.004073565194400691
S051,0.05782257027401829,1.987880632566098,1.3153523455872956e-12,2.2748078118179563e-11,2.322695006341219e-12,7.680151851310324e-13,-1.1066739258839782,0.048603703447343556,1.1056408428530046e-12,0.055153395864274854,1.254633757603406e-12,1.1423369228478109,,1.825677828389292,0.6086883941817586,26.43756474905007,0.6712093943562352,,0.3432796877011743,0.45919978688382984,22.004796935406805,0.4862374338405129,1.2777487554123867e-12,0.012409959381163812,2.2820777328012957e-12,0.022529203412081422,0.144279944677205,0.11372833470801712,0.12654590447472203,0.10775359372379917,0.9978920850688534,0.9994318003190283,0.9996773702502246,0.9990004185460354,0.013780019469266543,0.013780019469266543,0.0027560038938533086,0.010105347610795465
S052,0.17793490285450783,0.7727539343182623,5.375341761166747e-11,3.020959730178405e-10,4.696345066279925e-11,2.918275568211791e-11,-0.47579167772050823,0.05562301142660116,1.6803487759101538e-11,0.03444752057514197,1.0406457246199596e-11,9.21258468087445,11.961088155306454,8.036162744082906,2.006539096760134,21.34312870588813,0.2948785118242778,12.433166499357796,10.215172239110242,3.393334276929273,25.13726060717147,0.20243960691191656,3.7413634135534494e-11,0.236077331839296,1.446467684832185e-11,0.12201846243147192,0.12665221876348184,0.12945701618892624,0.11874764876432832,0.13613907899410632,0.927132950714455,0.9446311291081931,0.9477105454440501,0.9398248750888994,0.0027157101296004607,0.0027157101296004607,0.0027157101296004607,0.0027157101296004607
S053,0.10470524416510132,1.6404948403683883,8.74071427698291e-12,8.3479240669172e-11,8.934154137641061e-12,1.0405220104847961e-11,0.15242613767235724,0.0747185233464719,6.237445592885275e-12,0.06534660792584061,5.455085209955271e-12,1.6428384502796405,,1.6040763085644099,1.211727619822134,23.678262949106028,0.22174708378488056,,0.8210188189980231,1.6162975692082306,22.312609687185184,0.8264352354655448,3.694738088601846e-12,0.03379318964499739,3.5369295648840675e-12,0.032664111962996185,0.1454410470657338,0.12898882469794806,0.12749065009004681,0.12942379288261885,0.9924455433140943,0.9964043767335902,0.9947552266757159,0.9945350489078001,0.0027157101296004607,0.0027157101296004607,0.0027157101296004607,0.0027157101296004607
S054,0.43954288241704226,0.4055662089054122,8.984507667992516e-11,2.0440571392230927e-10,8.14772440227135e-11,1.3042801115379803e-10,0.4704976690719711,0.05653599135516995,1.155627967525902e-11,0.03588045042442049,7.334169084857696e-12,7.9478811994346685,10.665464127586896,6.3407252448170395,2.679589066392374,19.5771266792603,0.17646312713036338,10.24717917368985,9.55625022662562,3.5856259558949564,20.418918734676836,0.17181426393651417,1.1202220937903658e-11,0.09549239062947305,1.3724631487514622e-11,0.10280498990421207,0.14440626043861657,0.1397497958715749,0.14109439111467095,0.13792929269539364,0.9690474567332057,0.9208570690506439,0.974751001317358,0.9548851757004025,0.0027157101296004607,0.016294260777602765,0.0027157101296004607,0.007241893678934563
S055,0.18583300571211278,0.7855908464893537,1.723656285248559e-12,9.275296810937872e-12,1.5596711712116584e-12,1.6819988929243508e-12,0.075507892002733,0.07318416171908254,6.788048218041679e-13,0.07328897503088562,6.797769963808788e-13,5.358000438521245,12.087286469239352,3.849817153132148,1.7596773583114875,23.035752840476597,0.2757652320397732,11.609087275166667,6.806804673051137,3.0815839057056413,23.319318885425226,0.2710850858412676,5.632379443285992e-13,0.005562110367441187,7.594910802996058e-13,0.007478760916623661,0.149057740810123,0.1322725684217999,0.13927395275718474,0.12643898225114478,0.99944701104171,0.9988189129043977,0.9995807382334561,0.9992822207265212,0.013578550648002305,0.0027157101296004607,0.008147130388801382,0.008147130388801382
S056,0.16543389674654949,1.1401074837420422,1.1535142470232176e-11,6.972659592190116e-11,1.1793473990049046e-11,1.5527243901373794e-11,0.27504982529411137,0.07571423834638855,5.279296102713148e-12,0.0699859018828374,4.879878700814425e-12,3.216524172766391,8.208994060421412,2.8232051832700593,0.4854445529683662,16.364513254199185,0.3001331703620261,9.88195956832331,3.61055683630655,0.8119933803411471,27.15878712913295,0.1814759809975819,3.482237900594143e-12,0.03248557007063878,9.7541197286077e-12,0.08520038558521117,0.17077289232665732,0.12890769291101528,0.1426603253402931,0.12056268485376852,0.987469738633566,0.9762219877389218,0.9892903139621289,0.9843273467782055,0.0027157101296004607,0.0027157101296004607,0.0027157101296004607,0.0027157101296004607
S057,0.054814398096889,2.1968085521024787,1.704162457183789e-11,3.1089686585111097e-10,2.0856335980779177e-11,2.2932700532206852e-11,0.09490607676646334,0.03983130703721806,1.2383428520624395e-11,0.03687070529268306,1.1462986717215133e-11,2.3286762226141278,,1.4199395347518888,1.781654565837104,22.919956748735853,0.2312106871366106,,2.4067455340480364,2.0095615160102,22.16803113806456,0.3160361733280078,1.093928438985482e-11,0.08886573534212516,7.71433728505453e-12,0.06540404139215712,0.13334621347477787,0.12569223126555967,0.14304859084077332,0.11321984868417775,0.979640449722815,0.9840627546630506,0.9962708911480022,0.9866580318446226,0.0027157101296004607,0.0027157101296004607,0.0027157101296004607,0.0027157101296004607
S058,0.08322522173948364,1.7595641326365878,2.5440491420748134e-12,3.056824708786408e-11,2.9169446809003748e-12,2.9304813366966847e-12,0.004629961948097616,0.06433504137225281,1.966609441074982e-12,0.05757806323979639,1.7600604639547598e-12,3.4357821969656115,,3.749701770183007e-09,1.5165814563523141,20.750952276957307,1.2966293042081833,,0.49315970972780876,5.355065903020722,29.31650080328572,0.5025576769595638,1.0550143689508557e-12,0.0102842154433515,1.1696033776282413e-12,0.011372482832180113,0.11734242585106944,0.1180552623375311,0.11899466501454901,0.11924705600272004,0.9993600164863122,0.9996206258681014,0.9996307258670152,0.9995371227404762,0.009504985453601613,0.0027157101296004607,0.005431420259200921,0.005884038614134331
S059,0.1437819934980462,0.6030184528568958,8.670550676382705e-12,6.030345292507385e-11,1.471471901476272e-11,5.671626890237847e-12,-0.9533722802675086,0.06309328803151358,3.804743124696504e-12,0.06420872311893121,3.872007711981569e-12,3.9981626759197937,11.395127224333065,4.956257826851486,3.3100979181864867,20.587715086278468,0.3426452415205901,12.065400969554538,1.8642583211233372,1.8008905115572067,18.05795062517241,0.4100478786350302,9.72878603336648e-12,0.08958637101610795,1.6801147667086593e-11,0.15738724895364858,0.11100393477149412,0.12254943470834202,0.13486898244801065,0.11509010277175459,0.991292669437952,0.9952980685934965,0.9970994040630458,0.9945633806981647,0.0027157101296004607,0.0027157101296004607,0.0027157101296004607,0.0027157101296004607
S060,0.44042491909474063,0.2232610565629189,7.283300868451366e-11,1.653698633451901e-10,5.95856411605245e-11,8.457721010651217e-11,0.35025022131802785,0.09573380514900887,1.583148627500665e-11,0.11748752931781063,1.942889666805036e-11,12.639597351532132,10.82793918816728,13.56873824220189,7.699286560027296,21.915142905729446,0.22075041026732348,11.243829325434863,11.717382268585567,8.925579529354781,22.672756775473843,0.29617799528486977,5.187226306277623e-11,0.3088686940955243,5.143660621311991e-11,0.3375711304715362,0.13072605670726967,0.1511979950442161,0.14349497864189328,0.1588155915714087,0.8300508199414968,0.8727022625936872,0.9852547633039741,0.8960026152797194,0.008147130388801382,0.023083536101603915,0.0027157101296004607,0.011315458873335252
S061,0.22101246748788939,0.5263529354160057,9.535913852861481e-12,4.3146497395600596e-11,7.583758007164109e-12,1.208728455303217e-11,0.46614518056728826,0.08557517857827315,3.6922692196555185e-12,0.08910338776639637,3.844499088202011e-12,5.728959354608335,10.77152533082682,7.100007625432448,5.166444332952291,21.235665629156333,0.4763203321417555,10.565592120539254,4.348575659425636,1.5144005034629193,21.162282766928215,0.38698743811164565,3.4460013861104554e-12,0.03245804514977435,3.8271168257881344e-12,0.035555229678668164,0.17324543637563677,0.13293103676123716,0.12917680811468546,0.13461365597479746,0.9918409637571903,0.9910320048301204,0.9935717324385107,0.9921482336752737,0.0027157101296004607,0.0027157101296004607,0.0027157101296004607,0.0027157101296004607
S062,0.2581622242599833,0.47835908021280865,2.888344908018881e-12,1.1188100491070149e-11,2.6833399248255264e-12,3.4475418732349245e-12,0.25059921736646373,0.060878237118304784,6.811118345987907e-13,0.06172731693573712,6.906114249211631e-13,8.073864443043789,11.320281586230124,7.346206378686664,2.25201481118848,22.469303147239533,0.2429818581874361,11.231921178208195,8.803043781958678,3.3997470454847125,22.659961003571752,0.26866095867995227,1.2433203632226053e-12,0.012143714074451051,2.2331195239149052e-12,0.02152168428777176,0.1438550022306181,0.112541446417601,0.10861311373792187,0.11454863762812649,0.9967237408018034,0.9907037843570171,0.9970555641636273,0.9948276964408159,0.0027157101296004607,0.013578550648002305,0.0027157101296004607,0.006336656969067742
S063,0.07683400986195368,1.580162016823387,2.9311494752390445e-12,3.814911496231147e-11,4.6977459749570124e-12,3.312481629666465e-12,-0.3493851683485687,0.10490438282780512,4.002009360548271e-12,0.13186685674688328,5.030603877755508e-12,4.307263504321661,,0.11438380108856973,7.3700410391689175,27.899057032263094,0.38817708703423615,,0.8485458275659428,1.2444899127954747,22.183230672011607,0.2574430230025586,2.929309645413319e-12,0.028505462206154294,2.2260030547096002e-12,0.021475382015053474,0.11858827782204506,0.15470522941041862,0.1497354944437032,0.15704102303140519,0.9986008724404254,0.9977178830816613,0.999919896854023,0.9987462174587032,0.12763837609122164,0.0896184342768152,0.10319698492481752,0.10681793176428478
S064,0.09413103257883525,1.5784632611033402,2.5799930701966094e-12,2.7408528298421154e-11,1.2927364675706496e-12,2.6879138678183325e-12,0.7320041146256919,0.06306750980937915,1.7285876273213223e-12,0.07288952546447795,1.9977946213516334e-12,2.061322456080667,,1.282221544534325,2.1694517189669402,19.881922141518512,0.35851414203914556,,1.951950949672592,1.4180170956962985,22.476591745133923,0.739854836675386,1.1372830432415621e-12,0.011139557632049763,1.1012545013769513e-12,0.010702322745446259,0.1274273828564191,0.13876924444553773,0.1325559972171143,0.14215449997455126,0.9986136318801885,0.9983207349013101,0.9990931834700565,0.9986758500838517,0.0027157101296004607,0.013578550648002305,0.0027157101296004607,0.006336656969067742
S065,0.09843063993179632,1.442042043413903,1.448668256704766e-11,1.471765557664325e-10,1.0816852633467579e-11,2.3783990671312954e-11,0.7879073465197806,0.05474090365725487,8.05657765981688e-12,0.041220092641994784,6.06663126342206e-12,5.3289438954673045,,6.951786524657669,6.6416001967258875,23.856604542419678,0.795792139945196,9.875514186412069,1.585040383201009,0.29619050927709173,16.601756367463786,0.21983619913445004,3.977249052618419e-12,0.03617197651456115,9.976633968623955e-12,0.08210966805628442,0.16343168681845444,0.13001549419164,0.13670330001981937,0.12443559550123645,0.9886610055543957,0.9765532304994599,0.9943369332101499,0.9865170564213352,0.012220695583202074,0.008147130388801382,0.0027157101296004607,0.007694512033867972
S066,0.2346960997302785,0.764588699746193,7.065006233355837e-12,3.0102785012086715e-11,4.9659793825181346e-12,2.3371525414474895e-12,-0.7536772095874049,0.11025324501219934,3.3189297314871584e-12,0.05737685388596911,1.7272030971992403e-12,5.2071729403878635,,6.023486995910132,2.836665406294025,22.016657290444574,0.22413310964659688,,2.3662518583714482,3.7624574109087496,25.03782888841506,0.17961476980781033,5.962862854584157e-12,0.057256852632270615,1.630196450712205e-12,0.015975658136172497,0.11921565121021012,0.12908387749651348,0.1491279847700188,0.11424073591262258,0.9933684615135918,0.9993586648526681,0.9932717545952482,0.9953329603205027,0.006789275324001152,0.0027157101296004607,0.0027157101296004607,0.004073565194400691
S067,0.09214000628086033,0.7972504981851513,6.022586073872397e-13,6.5363421568633324e-12,8.312263154710078e-13,7.201974312492112e-13,-0.14337671440794253,0.12188700460453682,7.966951665704291e-13,0.2479147084988358,1.6204553604674247e-12,7.600155156300076,12.082373754187962,2.1995504654401543,7.521392930868337,27.90193275668901,1.9999999058004272,11.8758648685954,4.8544710292451585,7.678932642193876,29.078999128267945,1.3894793495085265,5.41253365325142e-13,0.005340784661719343,4.505341820126694e-13,0.004447271549000764,0.12318864255555018,0.14786908498622114,0.15091966792718636,0.14564033636194587,0.9985338961127814,0.998908770630252,0.9999826642740887,0.9991417770057073,0.012220695583202074,0.0027157101296004607,0.0027157101296004607,0.005884038614134331
S068,0.08138230915776402,1.7823823554716718,1.643686466381266e-11,2.0197097912211983e-10,2.057816149746252e-11,1.8538927355394805e-11,-0.10435768921896837,0.06763162684299596,1.3659625893101737e-11,0.0550247471217232,1.111340205212148e-11,1.5282677487847067,,0.3840944713832627,0.9762732174729863,16.37842295620573,0.17802992215811184,9.149492262827506,1.2805499724372227,1.961191113725642,20.72552999961402,0.21014479459359103,4.615076666967473e-11,0.3524328279682589,8.721905130852379e-12,0.07277035835172192,0.11646002536535931,0.13280438387716506,0.12606329855283857,0.1383851796976433,0.9779001370161717,0.9802418040120467,0.9863731966875515,0.9815050459052567,0.0027157101296004607,0.014936405712802534,0.006789275324001152,0.008147130388801382
S069,0.060432307277763636,2.057038695997102,9.03864758908087e-12,1.4956648184119035e-10,7.900704291942468e-12,1.6118471081961628e-11,0.7130139801700892,0.06382657490325695,9.546316256253356e-12,0.04230994613268919,6.328149789956599e-12,2.9989651498371543,,2.5802006549511405,4.868226169163769,29.531522460194097,0.5759354924780324,,0.8958346065331644,1.129596067581152,21.407266482432664,0.7978190729717979,2.5358594104429683e-12,0.023878203525830175,8.614515522561827e-12,0.07903437321820891,0.09613177668181436,0.13427779070808585,0.1272007657672541,0.13884610097744973,0.996460338019676,0.9969623726828053,0.9986156350675537,0.9973461152566783,0.0027560038938533086,0.0027560038938533086,0.0027560038938533086,0.0027560038938533086
S070,0.12993180213130828,1.633816274516359,4.4143196872255436e-12,3.397412807962487e-11,3.47893875047324e-12,4.6572089874613745e-12,0.29168904846112653,0.09385261711332013,3.188560834415931e-12,0.05674639336613443,1.927909236277826e-12,3.569943358917506,,3.046659919946316,0.8959574708561879,20.894870218614145,0.1730132424808806,,4.093160668832142,1.5025129387528162,25.486815661950832,0.37316984360493366,1.0359839590943571e-12,0.01006363866497592,2.8598253147289832e-12,0.027352844962325654,0.12644320593547417,0.14348494090428496,0.14428026962482549,0.14186742693604695,0.9977340226321743,0.9951087162356842,0.9964322110669531,0.9964249833116039,0.023083536101603915,0.0027157101296004607,0.0027157101296004607,0.009504985453601613
S071,0.10202392321570769,1.4291798195204481,1.4921178977290755e-11,1.4625176632095519e-10,1.179473155619347e-11,1.2361659632544448e-11,0.04694676401141962,0.05659447222844093,8.277041527411731e-12,0.048767462473752785,7.1323275257772436e-12,3.6395808471535176,12.411291469914111,2.998844558148736,2.484935832568105,22.40559348131145,0.37641477439755167,12.155532127988248,4.01540209935349,1.7273968450867119,24.41003105491978,0.2746100148070152,4.4540072539322134e-12,0.04061726478066815,8.035008987139501e-12,0.07155599817999636,0.11269157569125518,0.1246745597003723,0.1410851005688941,0.11396073349099291,0.9910652138778973,0.9828751138404596,0.9791669825116699,0.9843691034100089,0.0027157101296004607,0.0448092171384076,0.016294260777602765,0.021273062681870274
S072,0.3828970032249626,0.29623570470645144,7.101610629144768e-12,1.8547051999183118e-11,7.90946525257864e-12,9.478768372174839e-12,0.18099421375787728,0.058096992263066624,1.077527936499236e-12,0.05904731241319552,1.095153573739548e-12,12.879176858132766,10.803871609868255,12.586039136482391,4.433474750897439,21.472855841953958,0.25573416990697445,10.143179852151867,13.176659968429597,6.413063986346487,20.279798174871747,0.25153244180048134,4.769386265871899e-12,0.04517061091248599,7.138600840201514e-12,0.06563057446973664,0.13617506283626746,0.1338182873378988,0.1308637353916408,0.1358409214330202,0.9764016083034394,0.9590304530803453,0.9940132957848229,0.9764817857228693,0.013578550648002305,0.008147130388801382,0.0027157101296004607,0.008147130388801384
S073,0.08025780948926517,1.5683402961751873,2.08193749030811e-12,2.5940621897817655e-11,2.9472212078537462e-12,2.702964962248592e-12,-0.08651345831780688,0.07295299223923632,1.892445987992455e-12,0.10232265050250518,2.6543131882680284e-12,3.121155642095772,9.593450043984156,1.7838672473551602,4.186459959307641,24.941655976341945,0.28473060349497753,10.179492455820968,1.653723938034909,2.0558608154225526,26.48031961444054,1.0952680176013754,2.672772399269427e-12,0.02592536518359164,3.1404035011069084e-12,0.030507261338434493,0.17693529239516392,0.1539965666046936,0.13663216859533633,0.1659838850474665,0.9979982426091992,0.999138657416313,0.9999108222937921,0.9990159074397681,0.024441391166404147,0.005431420259200921,0.0027157101296004607,0.010862840518401843
S074,0.14882375574646864,1.0796029523416164,3.5045238682901446e-12,2.3548148282592323e-11,3.3844858956152294e-12,4.0739753677202275e-12,0.18541725396018904,0.22398410848437864,5.2744109995343936e-12,0.0996508806029804,2.3465937129298856e-12,6.210318033558643,,4.888063113780026,5.813592938689988,18.247462200541015,0.8791916679479651,8.979569158637675,1.686281282143664,6.403195952712534,16.762859446215117,0.20634662685514948,1.7392628548959583e-12,0.0168867388836675,1.0500970545267106e-12,0.010281378144786085,0.14537314708409504,0.1449528989602857,0.15144029957917685,0.13977703944694006,0.9968754025642625,0.9968792523421306,0.9909740864616242,0.9949095804560057,0.0027157101296004607,0.010862840518401843,0.008147130388801382,0.0072418936789345615
S075,0.1296682124728244,1.4384413299412608,4.583381563603095e-11,3.534699427250662e-10,4.276428671065306e-11,3.4170414679516294e-11,-0.22434312978406368,0.07028179578567531,2.484250233097745e-11,0.05162989287556552,1.824961527762745e-11,5.304356417213548,10.96101100824836,4.474688800871783,1.9140261909097116,20.699408068105296,0.22234201205502932,11.67862424054666,6.138621295249164,2.3941065063580416,22.966765164024693,0.164473874939,2.3744076988738228e-11,0.16513304192380635,2.2461510432800547e-11,0.15293225278178962,0.16054051479724804,0.14416585891349598,0.11841441412076062,0.16106803317131907,0.946651293629303,0.9507670391801888,0.9417342412668214,0.946384191358771,0.008147130388801382,0.03530423168480599,0.0027157101296004607,0.015389024067735943
S076,0.10400030755677456,1.402964027999509,1.5705495811831985e-12,1.510139362160851e-11,3.5395282293479094e-12,2.419191962062921e-14,-4.985730051269357,0.15053262655921787,2.2732524465653482e-12,0.17078735800300268,2.5791271187979134e-12,3.6129924752830007,,1.9678163368645618,5.560383462714615,23.836723190715755,0.19903684073277705,,0.4987580223456624,0.9635568418495308,29.567117133650097,0.5967343227063655,1.622717163404564e-12,0.01570804115100745,2.9906903366154224e-14,0.00029899079109450556,0.1445575762975817,0.1053500450130922,0.10657406300072622,0.10372330986473181,0.9984378668636616,0.9999999400221667,0.9976172522941514,0.9986850197266599,0.0027157101296004607,0.0027157101296004607,0.0027157101296004607,0.0027157101296004607
S077,0.07755672470280243,1.7257080769705129,3.523143790849445e-11,4.5426670663957783e-10,3.2010938266792766e-11,4.478381817837546e-11,0.3357692075668943,0.03993670948515826,1.8141917491844432e-11,0.030602832793604297,1.3901848066992295e-11,2.1046889680532814,,1.4292987384944948,1.4746401647487928,21.639715715160175,0.25901412183346206,9.534403495232878,2.397840090243282,1.0982600034298124,26.327794747445164,0.2835873128135233,1.1796293226840886e-11,0.08923356592484907,2.205444036320106e-11,0.14815922051019864,0.11659823038244313,0.11997233829639184,0.11879576274126159,0.1230635152401682,0.9702443619873009,0.9619834536259868,0.9814492990056801,0.9712257048729893,0.0027157101296004607,0.0027157101296004607,0.0027157101296004607,0.0027157101296004607
S078,0.14346956691071786,1.2214338787180417,3.9230302602922665e-12,2.7343989005930408e-11,3.4123890162189447e-12,4.281664929312733e-12,0.22692929886536817,0.07553080876527321,2.0653136044866626e-12,0.056671656960240485,1.5496291648686754e-12,3.801165319860651,,5.617313757348598,1.8661163554282183,21.033072208629896,0.8748920992912718,,1.2080459712084508,1.2305713282790378,17.837045896993946,0.22651686061185244,1.291566846997515e-12,0.012554130039903999,1.4714224418685034e-12,0.014182035451211276,0.13398578841983697,0.13765883908434692,0.11799422557153186,0.15161383858020172,0.9974842844394932,0.9963730484653832,0.9979295334069044,0.9972622887705936,0.0027157101296004607,0.017652115842402994,0.0027157101296004607,0.007694512033867972
S079,0.09849497559196056,1.3443741646246774,3.798729211467494e-11,3.856774610721927e-10,5.4846084800654305e-11,4.431845953560722e-11,-0.2131295199934975,0.05219765270129909,2.0131458167765115e-11,0.03801927561890873,1.4663177692504635e-11,2.706101942276277,,1.9202867282721054,1.0098536415512902,19.89632574119627,0.22803192939016995,,3.042452105326407,3.278521509688635,21.555966608093556,0.2617747657384146,3.0788458138779794e-11,0.20074869555396127,9.070119208252959e-12,0.07556189673878588,0.14804932560214223,0.13075475022220379,0.11462412686783853,0.14455245270951889,0.9690714936863367,0.9774776824381797,0.9937483273609141,0.9800991678284768,0.05567205765680945,0.012220695583202074,0.0027157101296004607,0.02353615445653733
S080,0.09273261442254079,1.746581446053637,6.28993247733119e-12,6.782869777261751e-11,6.56348030530874e-12,5.714740613497324e-12,-0.13847208736609673,0.057448001559077144,3.896623135391503e-12,0.052091161682029125,3.5332756623549073e-12,2.507491728123007,,3.6118481643190106,2.5714883632431995,29.499329271930637,0.26907434482010745,11.735606689096572,1.2199600085705065,1.3186378296300316,24.24684583334347,0.2569807630080422,5.942510958487395e-12,0.05493081058446938,2.473049015317674e-12,0.023441577741499617,0.11860172308773073,0.1270628384107373,0.13880783810319167,0.11827711195362742,0.9921223587358555,0.9955140444523315,0.9946229252680701,0.9940864428187522,0.021725681036803685,0.005431420259200921,0.024441391166404147,0.017199497487469583
S081,0.3254315203890527,0.4515841411109767,1.3481159072167399e-11,4.1425486554131883e-11,7.849698572378195e-12,2.7669489694704334e-11,1.2598552184471217,0.12487580061178286,5.173040799179865e-12,0.1828193359372928,7.573379942705642e-12,8.115161404868438,11.423744432581714,4.050970612651178,8.744538988892481,22.44610838489507,0.21784353272058535,10.92254233126731,6.932946000317318,7.4834304397593625,22.4010652868327,0.23535581428465738,2.1671789141297957e-12,0.020733581504138048,6.8577243020312745e-12,0.060989084522061254,0.2078392829038183,0.20756959261289468,0.181261617570911,0.22685168153546464,0.994967851042848,0.9807701050054669,0.993271277772022,0.9896697446067789,0.009504985453601613,0.012220695583202074,0.019009970907203227,0.013578550648002305
S082,0.09537591725373733,1.4694178929410286,1.1218589613760776e-11,1.1762497218155113e-10,6.678078122637807e-12,1.5507626038892387e-11,0.8425016654795954,0.05106311549130277,6.006297539167821e-12,0.03104809049909857,3.652030781246751e-12,3.38239251030204,,3.6832706928778345,1.8861799475288834,25.155566242354464,0.35098044844712184,12.26581383152795,3.0815269744366898,1.2069057880443923,22.020309889461135,0.2385716371203149,2.0202913211959208e-12,0.01924131426568124,7.526548634626073e-12,0.06599295667862867,0.14471186165045624,0.12736906357270047,0.14267303273655585,0.11814050606359033,0.9945307999005328,0.9776773968662392,0.9865863600092072,0.9862648522586598,0.0027157101296004607,0.0027157101296004607,0.0027157101296004607,0.0027157101296004607
S083,0.06593287901755074,2.1378983512330256,2.52237577996679e-11,3.8256721343767746e-10,6.104193450762395e-11,7.414036469471286e-12,-2.1081860552146487,0.0648875524409481,2.4823850124124678e-11,0.039904171519882195,1.526602770290046e-11,7.6890864371323175,,1.9368565071684336,4.859919042852571,20.615747830747225,0.16037503509387094,12.175656098278534,5.0445935285829195,10.457399912290475,20.983188042080574,0.2657190201721698,1.3486630794060087e-11,0.10753680631420671,5.626270409556815e-12,0.05356216435767403,0.1193892620755477,0.12161054267446968,0.1401659505132334,0.1088338682164176,0.9829125547038627,0.9874972562607485,0.9929077587897944,0.9877725232514685,0.013578550648002305,0.0027157101296004607,0.0027157101296004607,0.006336656969067742
S084,0.1938559960866322,0.437359003060057,4.6499504708038544e-11,2.398662184648568e-10,6.901047337532983e-11,4.0994120000668535e-11,-0.5208296393252709,0.04093543336641166,9.819027602821286e-12,0.04228109120186004,1.0141805459157894e-11,5.049621892192832,10.90399660150216,3.0111736218081973,0.44030430749492416,27.131824092737425,0.2409628350602735,10.88520334886231,7.084757894106505,1.9695478146529861,21.270623011987535,0.18726598460238777,1.2310479975694417e-11,0.10730295371124789,2.8625261713688282e-11,0.22457485365826005,0.14415946046342415,0.1315838266481499,0.1220002665541286,0.13743710969862127,0.9811349555286105,0.9519763705506037,0.9818361877688866,0.9716491712827002,0.0027157101296004607,0.08282915895281406,0.016294260777602765,0.03394637662000576
S085,0.2012545297241799,0.8303248280639446,2.7273307924524367e-11,1.355164922841863e-10,1.325668397244617e-11,4.2934499149984964e-11,1.175173802757655,0.07866720495002506,1.0660703672628575e-11,0.07001570844440663,9.488283213178269e-12,6.925893341716844,11.903265500319804,8.069295001316341,3.2846915250881374,24.091463647151542,0.21222485805126126,11.98253582922002,5.78821732729922,2.0494727133988198,23.60583684734335,0.20433190214152025,5.7639793697884135e-12,0.05285978810872291,2.0937596972801868e-11,0.14695390831264984,0.1597162840325863,0.13398381044536484,0.13634896025217813,0.1327906090347286,0.9699463508972154,0.945230219661913,0.9742848291781926,0.9631537999124403,0.024441391166404147,0.0027157101296004607,0.017652115842402994,0.014936405712802534
S086,0.10801315400573111,1.6049121979892649,1.5143301269363057e-11,1.4019867680708188e-10,3.5737340040786835e-11,6.439151373700609e-12,-1.713799324526633,0.07832596749446415,1.0981197002358379e-11,0.07647783158954832,1.0722090793929523e-11,3.2364265401913386,,3.94729442414468,2.706487643575515,28.557006455808338,0.14382266999525,12.581452394973944,1.1873433682865484,1.7597854368534613,22.532426724663598,0.18213115354597006,1.5154250502886054e-11,0.11085961895324217,2.370630693354129e-12,0.022307065967302545,0.1290004969093424,0.12637597652904153,0.13631945215220653,0.11917421460150489,0.9817411626184007,0.9949284149964838,0.9976514675226001,0.9914403483791615,0.038019941814406454,0.0027157101296004607,0.05159849246240876,0.03077804813547189
S087,0.11898075437355354,1.4975641660722567,1.5995559234056507e-11,1.3443820656773313e-10,1.8294677382381655e-11,9.92701012484671e-12,-0.6113508265823207,0.08317426444056575,1.1181798943980038e-11,0.09969968410423011,1.3403446726342227e-11,4.699934620878878,,6.697736057328205,3.9753085201885274,29.999999248343173,0.36231172586970645,,2.490727709153412,1.049227218371386,17.888871008616817,0.8105126198320655,1.416437203154455e-11,0.11972456769676719,2.2854986584169746e-12,0.021397221215140313,0.11754157795725238,0.1332582074066591,0.13644503056032667,0.13010011785474826,0.9814325914088387,0.9957609145162958,0.9887144209866211,0.9886359756372518,0.0027157101296004607,0.0027157101296004607,0.0027157101296004607,0.0027157101296004607
S088,0.11057225463325794,1.562690612003522,1.1921227634032397e-11,1.0781391474355202e-10,1.467032076320625e-11,1.1510416785697276e-11,-0.24257402433994457,0.07573185454048297,8.164947708798713e-12,0.0626095520391105,6.750180905676644e-12,1.9261691779643044,9.263875816955302,1.8831916441101497,1.185937295669726,21.504086246533653,0.22423516527364487,9.124332778850082,1.890960553862213,1.2450240906805152,26.819480531312525,0.4931019071076723,7.616865830047806e-12,0.06718430436213789,6.360682052618361e-12,0.05739532364553061,0.12511152951536195,0.13740361552120064,0.14451478319705618,0.13259392304592482,0.9854589916904677,0.991040130439336,0.9900509430824994,0.9888500217374343,0.0027157101296004607,0.0027157101296004607,0.0027157101296004607,0.0027157101296004607
S089,0.08277977505930652,1.215911545471365,2.3556594116540315e-13,2.845694386057886e-12,1.868281843862022e-13,2.7059882791197616e-13,0.37044798986068983,0.07419349703149983,2.111320179845415e-13,0.08341864909345169,2.3738398141776824e-13,1.9192219683722271,,0.8425622881057901,2.1182148420355165,21.640386227016595,0.5285482026114167,,1.6875118760544177,1.6704190366330762,21.515022050391018,0.32656575892511536,5.956706717673244e-14,0.0005948419478362793,2.4347211225224843e-13,0.002427489655139285,0.11402915009324961,0.12503334598938173,0.13162999441178666,0.11959276281522697,0.9999952499817043,0.9999709756139604,0.9999940041615598,0.9999867432524082,0.013578550648002305,0.0027157101296004607,0.008147130388801382,0.008147130388801382
S090,0.07294959245280208,1.653865054923787,1.0001559045291894e-11,1.3710232927980836e-10,1.1538054325084565e-11,1.2321549141957812e-11,0.06569904805659377,0.053413527719166166,7.32311906534929e-12,0.07327467499607906,1.0046128619183373e-11,1.5697908344075344,,7.038650735183711e-18,2.4235770790970848,22.719832427211976,1.0554476864275586,,0.08670534624435244,0.7143744267726864,18.329988815476252,0.2515447241867479,4.430678467436379e-12,0.03958326962608877,5.719127764861988e-12,0.05257214674155786,0.15526641233455984,0.11596080431475324,0.10763272165027596,0.12394313742992141,0.9969555968279927,0.9914176584742074,0.9951311475325877,0.9945014676115959,0.008147130388801382,0.017652115842402994,0.020367825972003456,0.015389024067735943
S091,0.12171668211019576,0.9573284316224431,4.231936038569233e-12,3.476874299562212e-11,5.095023950973205e-12,5.926247647774106e-12,0.15112687077609976,0.11223421306322344,3.9022425093111105e-12,0.2084377870952705,7.24711985009166e-12,5.5727402968837865,,0.4574947513731861,4.045658565054452,25.199516644809126,1.6604944665076715,12.899398667984899,2.6899067028863226,7.100584706921221,28.87711687423397,0.3663805995666151,1.7202441591629906e-12,0.016656284115841608,3.558121927074839e-12,0.03344629818130032,0.13677724321385581,0.12363166229993783,0.13197149530038085,0.11746596601208166,0.9957297361680738,0.9964075775691714,0.9994901592228108,0.9972091576533519,0.02579924623120438,0.07875559375841336,0.021725681036803685,0.042093507008807145
S092,0.2161899568825419,0.6180031328361504,4.3109647244743075e-11,1.9940633629047333e-10,5.191894039072087e-11,4.060930892601857e-11,-0.2456863394701294,0.059662401206430876,1.1897060838866697e-11,0.054394334414023325,1.0846574940459202e-11,6.263187014120128,11.015178022769316,2.4080582692693397,1.1500872542586715,20.973275091195635,0.18905508438242072,10.7931137190176,10.119027882190343,5.284363973029749,21.26891692880857,0.2660603869685441,1.854043326168116e-11,0.13247506721372188,2.3537710913431203e-11,0.19160659012099301,0.11032386733271726,0.1376563378978017,0.14605673902072827,0.13331830946014575,0.9658850948032344,0.9224978034981294,0.9857876435390804,0.958056847280148,0.0027157101296004607,0.028514956360804835,0.0027157101296004607,0.011315458873335252
S093,0.1303579314261689,1.00096899645931,9.662676687870923e-12,7.41241946857955e-11,1.1654611225523025e-11,9.370163634369524e-12,-0.21817135530335108,0.04895475836329608,3.6287320397170347e-12,0.03605127408952163,2.672271659282676e-12,8.20340198931526,11.032741679428518,5.1222562223941,2.416602479693963,14.090477895951917,0.2561564811768588,10.772002353434498,8.980662835222217,4.36403524930815,21.442721727324113,0.2778654091074299,5.886192843962796e-12,0.053149241395175115,7.0884466730627275e-12,0.06460067164894376,0.10615769741074285,0.1294314238795415,0.13025758778126967,0.12815797039968385,0.9755318476705999,0.960268885364585,0.9887241587699245,0.9748416306017033,0.0027157101296004607,0.020367825972003456,0.02579924623120438,0.016294260777602765
S094,0.19236725808097657,0.6766770187294223,2.2307455113858125e-11,1.1596284802514495e-10,1.463720873713612e-11,3.9447730912936797e-11,0.9914096972643449,0.0806931682949976,9.357409611660253e-12,0.09271837896241802,1.0751887288756679e-11,3.490489611954139,11.008307792629294,2.0751800747465055,2.053575092617368,21.01853017619072,0.5964695182787697,11.489876333359584,4.905859388449191,2.2621562352861235,21.82295476055058,0.22223375187297317,7.528902154378466e-12,0.06565680905335386,2.21333454956608e-11,0.16676350933304537,0.13899648525909825,0.12692424862287002,0.13770789369382191,0.12004615480466446,0.9934437226373853,0.9598176602311769,0.9842667459708423,0.9791760429464681,0.009504985453601613,0.0027157101296004607,0.016294260777602765,0.009504985453601613
S095,0.12195133403240493,1.4834825229399746,1.9335658998933865e-10,1.5855225490027022e-09,1.7884125279417117e-11,2.705415242069e-10,2.7165121321291643,0.08782641702871953,1.392507645971497e-10,0.05918257143529585,9.383530151862479e-11,3.0156992069090336,,0.9866154412025095,0.8841724222124268,20.191647609118903,0.24300586183210948,9.212986307558463,5.0436469101543935,2.0826975894803756,29.481672647439414,0.16604976367994354,7.192114022536557e-12,0.060801582746470344,1.6336975062469933e-10,0.35520653475036956,0.13118994828731692,0.12629286250118657,0.11984189827640902,0.13123428129912817,0.9819600944366125,0.9515231320910527,0.953755948637946,0.962413058388537,0.0027157101296004607,0.0027157101296004607,0.052956347527208986,0.019462589262136638
S096,0.06323711206573414,2.0829759999134345,4.098622046271249e-11,6.481355508472282e-10,1.418420706355263e-11,1.0164334364053793e-10,1.9693408877525869,0.03802566655027903,2.4645786335898118e-11,0.026891445823698627,1.7429302052021304e-11,2.834167476332034,9.799308937941863,2.7017899832852663,3.062306731973615,21.086913298474347,0.23662666821672615,11.015506955987004,2.605143061103254,1.3686625179813683,24.416101481982555,0.4383840573045721,1.3612348386392556e-11,0.12017239267322438,2.8965699831177837e-11,0.1811954217636937,0.13016043583499648,0.11951449624485808,0.12223112536390997,0.11680322715275812,0.9835280914677109,0.9636259299114219,0.9897544140123944,0.9789694784638424,0.1344276514152228,0.009504985453601613,0.0027157101296004607,0.048882782332808294
S097,0.09989940608861948,1.9851688412763229,2.6529701810806314e-11,2.655641594833122e-10,5.088618268715687e-11,2.2050684892749767e-11,-0.8362477644211204,0.07517107499678258,1.9962743348977592e-11,0.05672300131642757,1.50635961679679e-11,1.3759107299834383,,0.9348897441424855,0.7530229233904918,26.78444476934833,0.21073904193725534,12.025658536125027,1.2686410184467254,1.441679082057983,23.835985015363754,0.41236550422887397,2.304796336582566e-11,0.15689583288150213,9.160986061334557e-12,0.0763903808017307,0.11398006987886716,0.13009817892426415,0.1303867090466429,0.13062778517298362,0.9720663104071795,0.981752107559571,0.9944851794066809,0.982767865791144,0.0027157101296004607,0.008147130388801382,0.0312306664904053,0.014031169002935715
S098,0.4179236835523485,0.24568533803951706,5.818671110121986e-12,1.3922807773570813e-11,8.884933012213337e-12,2.1911261670872694e-12,-1.399941278950319,0.08771094398698549,1.2211826127692357e-12,0.13951454565693538,1.94243420079858e-12,10.73678403910084,10.649644931417015,12.309938029851786,4.985064205982903,21.11276043980291,0.7408935837374825,10.627548337624562,7.792434868332093,9.167513545905496,21.490109227788523,0.1899235337361783,4.70515354961116e-12,0.043472559289846946,1.5448152298424312e-12,0.015053476912738563,0.14065391692172496,0.10777000813988624,0.10728091062755846,0.10849368654196395,0.969326683014227,0.9950422886638918,0.9800627446121507,0.9814772387634232,0.05159849246240876,0.0027157101296004607,0.0027157101296004607,0.019009970907203227
S099,0.03721373830345449,3.080263796303669,7.191579447152946e-12,1.9325065889672697e-10,1.5404638074026508e-11,2.7241975912897303e-12,-1.73249471487323,0.01710188726789639,3.3049509828985232e-12,0.013460309703376637,2.6012137191315426e-12,2.412731954148228,9.223711961624014,1.7782409435301896,2.9739086771829735,22.372040237542834,0.7618993367275553,8.256501421564776,1.3351574335664809,1.8517168810722193,26.884394785612017,0.6877360230021369,2.598548289412464e-12,0.02498997309231996,1.4609149989621393e-12,0.014229794076466696,0.15064259946780967,0.14784458377162432,0.1465435304075697,0.1508987635399097,0.9983712216004261,0.999249905950149,0.9972177843580705,0.9982796373028818,0.0719663184344122,0.010862840518401843,0.016294260777602765,0.03304113991013894
S100,0.35256430949773754,0.3118370216333575,1.839425675648327e-11,5.217277035978967e-11,1.728824632036509e-11,1.4337896331060045e-11,-0.18712074211564556,0.08915593881620486,4.651512322069314e-12,0.1216025977329255,6.344344406673802e-12,9.130958653616595,11.173540148191666,11.22301513852977,5.510595218077516,22.550902463393435,0.233505388385435,11.109483784200167,7.039789030703964,4.1705875438260405,22.031078640464283,0.24658506061115928,1.3639303077869758e-11,0.11544413109944197,7.37307413245109e-12,0.06454440487261726,0.16357949420765588,0.12662441347667727,0.11716769377976488,0.13297122838209427,0.9311937785147457,0.9726171857909002,0.943580922521779,0.9491306289424749,0.0027157101296004607,0.0027157101296004607,0.0027157101296004607,0.0027157101296004607
S101,0.06790368564708563,1.7484736183985916,1.407650109763571e-11,2.0730098761936441e-10,2.516678118179107e-11,1.3266470094390645e-11,-0.6402851113395833,0.06571973806702353,1.3623766607379917e-11,0.07966182226197133,1.6513974430464926e-11,1.179403022467021,,1.405695470780438,0.20742751994926015,18.2856433371173,0.21225748996478605,,0.10519849072320119,0.9108057256523691,21.439951918797792,0.1820013520215577,1.4128164423255266e-11,0.10809314083695098,3.866000138810836e-12,0.03557076279288615,0.13020918299287149,0.14063466031529254,0.14288030794030868,0.13802411889000193,0.9710961477335137,0.9918878919755253,0.9972111713756647,0.9867317370282346,0.0027157101296004607,0.0583877677864099,0.06789275324001152,0.04299874371867396
S102,0.1131423364502321,1.1229317650648643,1.8036973003949742e-12,1.594184243480217e-11,1.8713852857177193e-12,2.4497391711714514e-12,0.2693026070278073,0.12389373093552515,1.975094337233917e-12,0.1240070132981957,1.976900266810253e-12,4.849324945652725,10.134992115565645,1.4715468495255755,3.963187451032038,24.667723135222985,0.2680392583649905,10.77411075025489,2.5498294068493044,5.735509714018436,23.12971524840001,0.35478899197338365,9.299227043187355e-13,0.009132564411658736,8.223209521533632e-13,0.00807716497796921,0.10433721618983739,0.13176809675190124,0.14331766399249832,0.12562547123720597,0.9992978021780383,0.9995828722938288,0.9997307143799795,0.9995371296172822,0.010862840518401843,0.0027157101296004607,0.012220695583202074,0.008599748743734792
S103,0.08705257130254414,1.9368583930168797,1.661100258728458e-11,1.9081576039327307e-10,1.4454447288719317e-11,1.8393716505605413e-11,0.2410069739795837,0.054167910400369404,1.0336091011961173e-11,0.08262786167735967,1.576669825563557e-11,4.005839598195394,10.014700655320373,3.953538250792293,2.8389928941635043,21.705385527740738,0.29805219235691494,9.941845840694342,2.8206677872831225,4.058568048765428,20.469302633513806,0.28604881890680933,8.865447326593514e-12,0.07576005180732899,1.0976707661502767e-11,0.09022634387771258,0.09662771306675147,0.14329972253251808,0.14461017232935436,0.14225018003340448,0.9737214150268533,0.9692763884296038,0.9703871968283826,0.9711283334282799,0.005431420259200921,0.0027157101296004607,0.0027157101296004607,0.0036209468394672807
S104,0.1645809852606559,0.9474406305878875,8.6762802975104e-12,5.271739188928357e-11,7.07116301272452e-12,1.1649186713283511e-11,0.4992114014982505,0.0576860219579056,3.0410566260887264e-12,0.04501851996133725,2.373258959077351e-12,2.5690195926004264,,2.1575343160335327,2.380428294454222,23.244597775483548,0.2950810137604306,9.59852981647545,2.722754297277293,1.6032567890853207,21.518778405177194,0.2612989955736514,9.419328432048255e-12,0.08902126848876935,4.799719354269235e-12,0.0439246515640075,0.1328711713818059,0.1440435608404336,0.14292276451706182,0.1453675747280954,0.9941943620055607,0.9856638669932686,0.9961325754979756,0.9919969348322684,0.028514956360804835,0.0027157101296004607,0.0027157101296004607,0.011315458873335252
S105,0.15916670580944903,3.062738613854353,4.9317425355327626e-12,3.098476223687722e-11,3.934048697652284e-12,3.6365460576161916e-12,-0.0786347526494744,0.05828087248553331,1.8058189769220092e-12,0.04642446163741198,1.438450905810238e-12,5.630927281436655,10.61357607452738,6.936637494683198,3.330327994658538,22.152234221836782,0.20327332701417328,,4.325886170185796,3.5025276677658668,21.551460393359307,1.9642407768455474,2.9308373967416424e-12,0.027886512874944442,9.938924379807328e-13,0.009754153198100883,0.13801060152061795,0.14258497391636255,0.1430230000101937,0.14425423877773627,0.9889868813237697,0.9992018690188555,0.9936585569960348,0.99394910244622,0.0027157101296004607,0.006789275324001152,0.010862840518401843,0.006789275324001152
S106,0.24121552656858608,0.7494985031438782,2.8352252899338982e-11,1.1753908756481907e-10,1.663059808146955e-11,4.378987699178317e-11,0.9681584151941074,0.08748614469735184,1.0283041622290471e-11,0.0651201833564945,7.65416693377608e-12,4.375785130554249,,4.899727890909016,2.9405997611181305,18.82237185139288,0.4597904698828475,9.759662424969662,3.600609197620547,0.7823457742838087,22.601940676420185,0.19251232350242425,7.036230232362079e-12,0.06415492729324425,1.2164249262548083e-11,0.10192511627319163,0.13555407651882095,0.1235074178553938,0.12290221071725185,0.12386802461329463,0.9874128422203754,0.9745128652325872,0.9837088515767112,0.9818781863432245,0.0027157101296004607,0.0027157101296004607,0.0027157101296004607,0.0027157101296004607
S107,0.14191744667492107,0.8300665245162554,8.890968785616114e-12,6.264887787885548e-11,7.036355423887524e-12,9.983447588907536e-12,0.34983813981080303,0.04426601687636614,2.7732162854708178e-12,0.03482711317928014,2.1818795604417995e-12,4.365679242054803,11.598350124001888,2.8260422278939883,1.0011765115346323,17.388010253915883,0.258768378135529,9.912355730186704,5.897618982259405,1.791662319765531,18.571173239856233,0.20463250631630792,2.6149965244284114e-12,0.02464916613536031,3.225805205786136e-12,0.030162854675758705,0.14157257439572166,0.13233567563811674,0.14567687031113571,0.12281489681069759,0.992493492531316,0.9850371010651029,0.9954411258638166,0.9909905731534119,0.0027157101296004607,0.008147130388801382,0.006789275324001152,0.005884038614134331
S108,0.28649327020224535,0.3612853212140424,1.4678306679553895e-11,5.1234385607703726e-11,1.0887143785800792e-11,1.2560981564038914e-11,0.14301268406829948,0.053967366354598915,2.764984858043737e-12,0.07000127019912834,3.586472070411201e-12,9.65923516601022,10.85382803073712,9.817566887162076,5.566396326365104,21.6946248489559,0.20696501490057218,10.84783788750579,9.394036289682163,3.4357743050145166,22.126094105663597,0.21898818474005635,9.65690896854245e-12,0.086697251837739,9.094212780850473e-12,0.080560675749748,0.1586334083474989,0.1437856054904295,0.15969675936612798,0.1319425592404863,0.9692810999807006,0.9657648698466704,0.9860820028179539,0.9737093242151084,0.0027157101296004607,0.009504985453601613,0.08147130388801382,0.0312306664904053
S109,0.21089665153978568,1.4919069527478679,3.4850770752544573e-09,1.652504698301005e-08,2.1320330473970006e-11,1.0414429439133573e-08,6.191286469753294,0.13246521069523234,2.18899383035304e-09,0.07483111268846752,1.2365876529678453e-09,7.782960623503321,,1.2250675842327903,0.8659199151518643,19.638319242188967,0.2984480104002361,,13.558667306728672,6.419789026527219,29.489587954964477,0.10000000000000002,8.270388666754937e-12,0.06667486556795826,4.0459400712709e-09,0.4255873833980788,0.12377691694636236,0.1152779228877438,0.12159139522219628,0.11000499640624284,0.9824087813584812,0.9352590917453469,0.9846134906844217,0.9674271212627499,0.0027560038938533086,0.0027560038938533086,0.02342603309775312,0.009646013628486579
